CONTRACT,ITM_NO,ITM_SELL
APCO,C8948,3.95
APCO,C8952,3.95
APCO,C9100,3.95
APCO,C9119,3.95
APCO,Y157C,0.9
APCO,Y159C,0.9
APCO,Y172,0.55
APCO,Y176,0.55
APCO,ZY9,3.5
APCO,C9012,3.95
APCO,C9118,3.95
APCO,C9149,3.95
APCO,C9150,3.95
APCO,C9148,4.5
APCO,C9155,4.5
APCO,Y162C,0.55
APCO,Y186,0.55
APCO,ZY10,0.99
BARBUYS,CAS5A,0.35
BARBUYS,TSP001,3.5
BARBUYS,TSP001B,3.5
BARBUYS,TSP033,0.9
BARBUYS,C9066,1.2
BARBUYS,C9118,1.95
BARBUYS,C9071,2.5
BARBUYS,C9101,2.5
BARBUYS,C9012,2.5
BARBUYS,C9246,3.5
BARBUYS,C9247,3.5
BARBUYS,C9211,3.21
BARBUYS,C9203,4.95
BARBUYS,C9204,4.95
BARBUYS,C9206,4.95
BARBUYS,y142,0.49
BARBUYS,Y157C,0.69
BARBUYS,Y162C,0.49
BARBUYS,Y94,1.5
BARBUYS,Y149,0.89
BARBUYS,Y194,0.79
BARBUYS,Y03C,0.29
BARBUYS,y171,0.79
BARBUYS,Y195,0.79
BARBUYS,Y187,0.49
BARBUYS,LC04,1.55
BARBUYS,LC05,1.55
BARBUYS,LC15,1.55
BARBUYS,C9218,2.5
BARBUYS,C9219,2.5
BARBUYS,C9251,5.5
BARBUYS,C9252,5.5
BARBUYS,C8952,2.49
BARBUYS,C8948,2.49
BARBUYS,C9163,5.89
BARBUYS,C9164,5.89
BARBUYS,P932,18.95
BARBUYS,P788,13.5
BARBUYS,P915,11.9
BARBUYS,WD-80,7.89
BARBUYS,MPC34,4.89
BARBUYS,MPC44,7.49
BARBUYS,MPC47,3.89
BARBUYS,MPC48,3.89
BARCITY,TSP001,3.95
BARCITY,TSP001B,3.95
BARCITY,CAS5A,0.35
BARCITY,CAS5B,0.35
BARCITY,CAS5C,0.35
BARCITY,CAS6,0.35
BARCITY,CAS7A,0.35
BARCITY,CAS16,1.3
BARCITY,CAS17,1.3
BARCITY,CAS18,1.3
BARCITY,CAS19,1.3
BARCITY,ZY6,0.65
BARCITY,ZY4,1.75
BARCITY,Y01,0.13
BARCITY,Y66R,0.35
DISDAVE,Read kit2*,16.8
DISDAVE,Readkit15*,15.6
DOLSEN,C9071,2.5
DOLSEN,C9066,1.2
DOLSEN,C8948,2.75
DOLSEN,C8952,2.75
DOLSEN,C9101,2.25
DOLSEN,C9100,2.25
DOLSEN,C9203,3.5
DOLSEN,C9204,3.5
DOLSEN,C9218,2.25
DOLSEN,C9219,2.25
DOLSEN,C8987,2.75
DOLSEN,C9075,2.75
DOLSEN,C9117,3.5
DOLSEN,C9118,2.25
DOLSEN,C9195,4.95
DOLSEN,C9012,2.25
DOLSEN,C9197,3.5
DOLSEN,C9209,2.95
DOLSEN,C9210,2.95
DOLSEN,C9211,2.95
DOLSEN,C9212,2.95
DOLSEN,C8952,3.5
DOLSEN,C9075,2.75
DOLSEN,Y149,0.22
DOLSEN,Y03C,0.25
DOLSEN,Y142,0.39
DOLSEN,Y139,0.25
DOLSEN,Y171,0.49
DOLSEN,Y148,0.49
DOLSEN,Y151,0.22
DOLSEN,Y153,0.69
DOLSEN,Y157C,0.39
DOLSEN,Y162C,0.3
DOLSEN,Y121,0.79
DOLSEN,Y172,0.39
DOLSEN,Y176,0.39
DOLSEN,Y190,0.39
DOLSEN,Y194,0.49
DOLSEN,LC04,1.2
DOLSEN,LC16,1.2
DOLSEN,LC06,1.2
DOLSEN,ZY10,0.9
DOLSEN,ZY9,2.95
DOLSEN,MM-1,2.5
DOLSEN,M005,3.95
DOLSEN,M016,0.99
DOLSEN,ASH070,2.5
DOLSEN,ASH035,2.5
DOLSEN,ASH025,1.95
DOLSEN,CIG351,1.95
DOLSEN,CIG457,3.25
DOLSEN,CIG447,3.25
DOLSEN,CIG461,3.25
DOLSEN,CIG231,1.95
DOLSEN,CIG437,3.95
DOLSEN,CIG438,2.95
DOLSEN,CIG482,3.95
DOLSEN,CIG398,7.5
DOLSEN,CIG399,8.5
DOLSEN,WD-80,8
DOLSEN,MPC14,1.95
DOLSEN,MPC20,0.99
DOLSEN,MPC23,2.95
DOLSEN,MPC28,1.99
DOLSEN,MPC29,4.95
DOLSEN,MPC31,2.25
DOLSEN,MPC32,2.25
DOLSEN,MPC33,2.25
DOLSEN,MPC34,2.95
DOLSEN,MPC35,3.5
DOLSEN,MPC44,4.95
DOLSENMO,C1000,5.89
DOLSENMO,C1001,5.89
DOLSENMO,C1002,5.89
DOLSENMO,C1003,5.89
DOLSENMO,C9186,5.89
DOLSENMO,C9188,5.89
DOLSENMO,C9209,3.21
DOLSENMO,C9208,3.21
DOLSENMO,C9210,3.21
DOLSENMO,C9211,3.21
DOLSENMO,C9173,3.89
DOLSENMO,C9202,3.89
DOLSENMO,C9204,3.89
DOLSENMO,C9203,3.89
DOLSENMO,C9205,3.89
DOLSENMO,C9206,3.89
DOLSENMO,C9118,2.5
DOLSENMO,C9071,2.5
DOLSENMO,C8952,2.49
DOLSENMO,C8948,2.59
DOLSENMO,C9010,7.95
DOLSENMO,C9113,8.89
DOLSENMO,C9164,5.89
DOLSENMO,C9163,5.89
DOLSENMO,C9195,3.19
DOLSENMO,C9196,3.19
DOLSENMO,C9197,3.19
DOLSENMO,C9218,3.19
DOLSENMO,C9219,3.19
DOLSENMO,C9066,1.39
DOLSENMO,ZY9,3.95
DOLSENMO,ZY10,0.99
DOLSENMO,Y157C,0.69
DOLSENMO,Y149,0.24
DOLSENMO,Y162C,0.49
DOLSENMO,Y176,0.49
DOLSENMO,Y180,1.49
DOLSENMO,Y181,1.49
DOLSENMO,Y185,0.49
DOLSENMO,Y188,0.49
DOLSENMO,Y191,0.79
DOLSENMO,Y194,0.79
DOLSENMO,LLLARGE,1.5
DOLSENMO,LC04,1.55
DOLSENMO,LC05,1.55
DOLSENMO,LC15,1.55
DOLSENMO,LC16,1.55
DOLSENMO,C9082,9.95
DOLSENMO,C9107,16.95
DOLSENMO,C9108,16.95
DOLSENMO,C9114,12.17
DOLSENMO,C9109,16.95
DOLSENMO,C9115,17.2
DOLSENMO,C9132,14.14
DOLSENMO,LGP624,8.95
DOLSENMO,LGP625,8.95
DOLSENMO,LGP624,8.95
DOLSENMO,LGP631,26.87
DOLSENMO,LGP632,26.87
DOLSENMO,LGP633,26.87
DOLSENMO,LGP634,15.54
DOLSENMO,LGP635,15.54
DOLSENMO,LGP636,15.54
DOLSENMO,LGP637,15.54
DOLSENMO,LGP638,15.54
DOLSENMO,P603,1.4
DOLSENMO,P605,1.4
DOLSENMO,P607,1.4
DOLSENMO,P613A,2.5
DOLSENMO,P613B,2.5
DOLSENMO,P613C,2.5
DOLSENMO,P632,2.95
DOLSENMO,P631,2.95
DOLSENMO,P630,2.95
DOLSENMO,P640A,3.25
DOLSENMO,P912L,4.95
DOLSENMO,P988,8.89
DOLSENMO,P989,8.89
DOLSENMO,P914,3.95
DOLSENMO,P919,7.95
DOLSENMO,GP6015,9.89
DOLSENMO,GP6016,9.49
DOLSENMO,P932,12.89
DOLSENMO,P788,9.89
DOLSENMO,P915,7.89
DOLSENMO,WD159N,27.89
DOLSENMO,TS-56N,18.89
DOLSENMO,WD170,10.89
DOLSENMO,WD167,17.89
DOLSENMO,WD171,8.89
DOLSENMO,WD172,9.89
DOLSENMO,WD173,19.89
DOLSENMO,WD174,21.89
DOLSENMO,WD150,39.89
DOLSENMO,WD-80,7.89
DOLSENMO,TSK1N,5.49
DOLSENMO,SB25T,0.49
DOLSENMO,SB32J,0.49
DOLSENMO,SB38A,0.59
DOLSENMO,SB3851,0.69
DOLSENMO,SB51E,0.79
DOLSENMO,SB5176,1.09
DOLSENMO,SB76A,1.49
DOLSENMO,SB76102,1.69
DOLSENMO,CIG485,4.69
DOLSENMO,CIG486,4.69
DOLSENMO,CIG487,4.69
DOLSENMO,CIG488,4.69
DOLSENMO,CIG489,4.69
DOLSENMO,CIG398,10.89
DOLSENMO,CIG441,3.25
DOLSENMO,CIG442,3.25
DOLSENMO,CIG445,3.89
DOLSENMO,CIG446,3.69
DOLSENMO,CIG447,3.89
DOLSENMO,CIG450,4.69
DOLSENMO,CIG451,4.49
DOLSENMO,CIG454,4.5
DOLSENMO,CIG455,7.89
DOLSENMO,CIG466,7.49
DOLSENMO,CIG467,7.49
DOLSENMO,CIG468,4.69
DOLSENMO,CIG469,4.49
DOLSENMO,CIG471,4.89
DOLSENMO,CIG479,7.69
DOLSENMO,CIG480,7.69
DOLSENMO,CIG146N,3.49
DOLSENMO,CIG437,4.49
DOLSENMO,CIG438,3.69
DOLSENMO,CIG231,1.99
DOLSENMO,CIG304,2.19
DOLSENMO,DS01,24.95
DOLSENMO,DS02,29.95
DOLSENMO,PC01,2.5
DOLSENMO,FP35,23.89
DOLSENMO,FP36,18.85
DOLSENMO,FP58,44.89
DOLSENMO,FP59,26.89
DOLSENMO,FP54,5.89
DOLSENMO,F710C2,5.95
DOLSENMO,T1076,4.49
DOLSENMO,T1077,5.49
DOLSENMO,T1078,5.49
DOLSENMO,CIG401N,3.49
DOLSENMO,SC10,0.79
DOLSENMO,T314,1.35
DOLSENMO,FP52,17.89
DOLSENMO,FP51,17.89
DOLSENMO,FP50,17.89
DOLSENMO,FP49,17.89
DOLSENMO,FP48,17.89
DOLSENMO,FP44,17.89
DOLSENMO,M006,2.5
DOLSENMO,M005,4.956
DOLSENMO,M007,6.89
DOLSENMO,M009,6.49
DOLSENMO,M021,6.89
DOLSENMO,M032,8.69
DOLSENMO,M033,7.5
DOLSENMO,M034,11.89
DOLSENMO,M035,14.49
DOLSENMO,M036,11.49
DOLSENMO,M040,12.89
DOLSENMO,M042,9.89
DOLSENMO,M050,6.89
DOLSENMO,M056,6.89
DOLSENMO,M059,8.69
DOLSENMO,M060,8.69
DOLSENMO,M063,9.49
DOLSENMO,M064,9.49
DOLSENMO,M065,9.49
DOLSENMO,M066,9.89
DOLSENMO,M067,9.89
DOLSENMO,M068,6.89
DOLSENMO,M069,6.89
DOLSENMO,M071,9.49
DOLSENMO,M072,14.49
DOLSENMO,M073,6.89
DOLSENMO,M076,6.89
DOLSENMO,M077,6.89
DOLSENMO,M078,6.89
DOLSENMO,M079,6.89
DOLSENMO,M074,6.89
DOLSENMO,M081,6.49
DOLSENMO,M082,6.49
DOLSENMO,M083,6.49
DOLSENMO,M085,6.49
DOLSENMO,M086,6.49
DOLSENMO,M088,6.49
DOLSENMO,M089,6.49
DOLSENMO,M091,6.49
DOLSENMO,MM-1,3.49
DOLSENMO,MM-3,7.89
DOLSENMO,MM-4,10.89
DOLSENMO,ASH004,3.89
DOLSENMO,ASH006,4.49
DOLSENMO,ASH025,2.19
DOLSENMO,ASH035,2.49
DOLSENMO,ASH049,2.49
DOLSENMO,ASH069,2.49
DOLSENMO,ASH070,2.49
DOLSENMO,ASH134,2.49
DOLSENMO,ASH135,2.49
DOLSENMO,ASH139,2.49
DOLSENMO,ASH144,2.49
DOLSENMO,ASH146,2.49
DOLSENMO,ASH147,2.49
DOLSENMO,ASH149,2.49
DOLSENMO,ASH150,2.49
DOLSENMO,ASH151,2.49
DOLSENMO,ASH152,2.49
DOLSENMO,ASH080,1.09
DOLSENMO,ASH081,1.69
DOLSENMO,ASH083,1.49
DOLSENMO,ASH119,1.59
DOLSENMO,ASH109,4.5
DOLSENMO,ASH082,1.29
DOLSENMO,ASH097,1.49
DOLSENMO,ASH098,1.29
DOLSENMO,ASH107,1.39
DOLSENMO,ASH153,1.49
DOLSENMO,ASH154,1.89
DOLSENMO,ASH079,5.69
DOLSENMO,ASH046,4.49
DOLSENMO,ASH110,6.89
DOLSENMO,ASH111,5.5
DOLSENMO,ASH112,5.5
DOLSENMO,ASH113,5.5
DOLSENMO,ASH114,5.5
DOLSENMO,ASH116,5.5
DOLSENMO,ASH156,6.89
DOLSENMO,ASH157,6.89
DOLSENMO,ASH158,8.69
DOLSENMO,ASH159,8.69
DOLSENMO,ASH160,6.89
DOLSENMO,ASH161,6.89
DOLSENMO,ASH162,6.89
DOLSENMO,ASH163,8.69
DOLSENMO,ASH164,8.69
DOLSENMO,ASH165,9.89
DOLSENMO,ASH166,8.69
DOLSENMO,MPC14,2.49
DOLSENMO,MPC23,3.89
DOLSENMO,MPC29,6.49
DOLSENMO,MPC31,3.39
DOLSENMO,MPC32,3.39
DOLSENMO,MPC33,3.39
DOLSENMO,MPC34,4.89
DOLSENMO,MPC35,4.89
DOLSENMO,MPC36,4.89
DOLSENMO,MPC44,7.49
DOLSENMO,MPC45,1.89
DOLSENMO,MPC47,3.89
DOLSENMO,MPC48,3.89
FRECHOHO,ASH069,2.49
FRECHOHO,ASH070,2.49
FRECHOHO,ASH071,2.49
FRECHOHO,ASH097,1.49
FRECHOHO,ASH109,4.5
FRECHOHO,ASH144,2.49
FRECHOHO,ASH159,8.69
FRECHOHO,ASH160,6.89
FRECHOHO,ASH162,6.89
FRECHOHO,ASH163,8.69
FRECHOHO,C1000,5.89
FRECHOHO,C1001,5.89
FRECHOHO,C1003,5.89
FRECHOHO,C8948,2.59
FRECHOHO,C9010,7.95
FRECHOHO,C9108,16.95
FRECHOHO,C9109,16.95
FRECHOHO,C9113,8.89
FRECHOHO,C9114,12.17
FRECHOHO,C9118,2.5
FRECHOHO,C9132,14.14
FRECHOHO,C9164,5.89
FRECHOHO,C9173,3.89
FRECHOHO,C9196,3.19
FRECHOHO,C9197,3.19
FRECHOHO,C9203,3.89
FRECHOHO,C9205,3.89
FRECHOHO,C9206,3.89
FRECHOHO,C9208,3.21
FRECHOHO,C9209,3.21
FRECHOHO,C9210,3.21
FRECHOHO,C9219,3.19
FRECHOHO,C9243,5.89
FRECHOHO,C9247,5.89
FRECHOHO,c9259,5.89
FRECHOHO,c9260,5.89
FRECHOHO,CIG304,2.19
FRECHOHO,CIG401N,3.49
FRECHOHO,CIG438,3.69
FRECHOHO,CIG438,3.69
FRECHOHO,CIG441,3.25
FRECHOHO,CIG445,3.89
FRECHOHO,CIG446,3.69
FRECHOHO,CIG454,4.5
FRECHOHO,CIG455,7.89
FRECHOHO,CIG468,4.69
FRECHOHO,CIG479,4.69
FRECHOHO,CIG480,7.69
FRECHOHO,CIG486,4.69
FRECHOHO,DS01,24.95
FRECHOHO,DS02,29.95
FRECHOHO,F710C2,5.95
FRECHOHO,FP35,23.89
FRECHOHO,FP36,18.85
FRECHOHO,FP44,17.89
FRECHOHO,FP48,17.89
FRECHOHO,FP49,17.89
FRECHOHO,FP58,44.89
FRECHOHO,FP59,26.89
FRECHOHO,LC04,1.55
FRECHOHO,LC05,1.55
FRECHOHO,LC15,1.55
FRECHOHO,LC16,1.55
FRECHOHO,LGP593,16.95
FRECHOHO,LGP596,16.95
FRECHOHO,LGP597,16.95
FRECHOHO,LGP624,8.95
FRECHOHO,LGP625,8.95
FRECHOHO,LGP631,26.87
FRECHOHO,LGP632,26.87
FRECHOHO,LGP633,26.87
FRECHOHO,LGP634,15.54
FRECHOHO,LGP635,15.54
FRECHOHO,LGP636,15.54
FRECHOHO,LGP642,24.95
FRECHOHO,LGP643,24.95
FRECHOHO,LGP644,8.95
FRECHOHO,LLLARGE,1.5
FRECHOHO,M005,4.95
FRECHOHO,M007,6.89
FRECHOHO,M032,8.69
FRECHOHO,M034,11.89
FRECHOHO,M035,14.49
FRECHOHO,M036,11.49
FRECHOHO,M040,14.49
FRECHOHO,M042,9.89
FRECHOHO,M059,8.69
FRECHOHO,M060,8.69
FRECHOHO,M066,9.89
FRECHOHO,M067,9.89
FRECHOHO,M073,6.89
FRECHOHO,M074,6.89
FRECHOHO,M076,6.89
FRECHOHO,M077,6.89
FRECHOHO,M078,6.89
FRECHOHO,M079,6.89
FRECHOHO,M089,6.49
FRECHOHO,MM-4,10.89
FRECHOHO,MPC23,3.89
FRECHOHO,MPC29,6.49
FRECHOHO,MPC31,3.39
FRECHOHO,P603,1.4
FRECHOHO,P605,1.4
FRECHOHO,P607,1.4
FRECHOHO,P613A,2.5
FRECHOHO,P613B,2.5
FRECHOHO,P613C,2.5
FRECHOHO,P788,9.89
FRECHOHO,P915,7.89
FRECHOHO,P932,12.89
FRECHOHO,PC01,2.5
FRECHOHO,SB25T,0.49
FRECHOHO,SB32J,0.49
FRECHOHO,SB3851,0.69
FRECHOHO,SB38A,0.59
FRECHOHO,SB5176,1.09
FRECHOHO,SB51E,0.79
FRECHOHO,SB76102,1.69
FRECHOHO,SB76A,1.49
FRECHOHO,TS-56N,18.89
FRECHOHO,TSK1N,5.49
FRECHOHO,TVP25,9.95
FRECHOHO,TVP26,9.95
FRECHOHO,WD150,39.89
FRECHOHO,WD159N,27.89
FRECHOHO,WD167,17.89
FRECHOHO,WD170,10.89
FRECHOHO,WD171,8.89
FRECHOHO,WD172,9.89
FRECHOHO,WD173,19.89
FRECHOHO,WD174,21.89
FRECHOHO,WD-80,7.89
FRECHOHO,Y149,0.24
FRECHOHO,Y157C,0.69
FRECHOHO,Y180,1.49
FRECHOHO,Y181,1.49
FRECHOHO,Y185,0.49
FRECHOHO,Y187,0.49
FRECHOHO,Y191,0.79
FRECHOHO,Y194,0.79
FRECHOHO,ZY10,0.99
FRECHOHO,ZY9,3.95
JUSCRABAR,ASH111,4.95
JUSCRABAR,ASH112,4.95
JUSCRABAR,ASH113,4.95
JUSCRABAR,ASH114,4.95
JUSCRABAR,ASH115,4.95
JUSCRABAR,ASH117,4.95
JUSCRABAR,ASH118,4.95
JUSCRABAR,C8948,3.5
JUSCRABAR,C9012,2.5
JUSCRABAR,C9071,2.5
JUSCRABAR,C9088,3.5
JUSCRABAR,C9096,3.95
JUSCRABAR,C9097,3.95
JUSCRABAR,CIG448,4.5
JUSCRABAR,CIG450,3.95
JUSCRABAR,Y01,0.13
JUSCRABAR,Y159C,0.9
JUSCRABAR,Y173,0.49
JUSCRABAR,Y174,0.49
JUSCRABAR,Y175,0.49
JUSCRABAR,Y176,0.49
JUSCRABAR,Y44,0.99
JUSCRABAR,TSP001,3.95
MADHOUSE,TSP001,3.5
MADHOUSE,TSP001B,3.95
MADHOUSE,CAS6,0.35
MADHOUSE,C8955,1.4
MADHOUSE,Y01,0.2
MADHOUSE,Y01FC,1.2
MADHOUSE,Y03C,0.33
MADHOUSE,Y03FC,0.33
MADHOUSE,Y105,0.69
MADHOUSE,Y118,0.69
MADHOUSE,Y131,0.69
MADHOUSE,Y132,0.69
MADHOUSE,Y133,0.69
MADHOUSE,Y138,0.29
MADHOUSE,Y139,0.29
MADHOUSE,Y151,0.31
MADHOUSE,Y153,0.69
MADHOUSE,Y154C,0.33
MADHOUSE,Y155C,0.33
MADHOUSE,Y156,0.33
MADHOUSE,Y157C,0.69
MADHOUSE,Y158C,0.9
MADHOUSE,Y159C,0.9
MADHOUSE,Y160C,0.9
MADHOUSE,Y161C,0.9
MADHOUSE,Y162C,0.49
MADHOUSE,Y163C,0.49
MADHOUSE,Y44,0.99
MADHOUSE,ZY4,1.95
MADHOUSE,CIG112,0.99
MASTALL,C1001,5.89
MASTALL,C1003,5.89
MASTALL,C9209,3.21
MASTALL,C9208,3.21
MASTALL,C9210,3.21
MASTALL,C9211,3.21
MASTALL,C9173,3.89
MASTALL,C9202,3.89
MASTALL,C9204,3.89
MASTALL,C9203,3.89
MASTALL,C9205,3.89
MASTALL,C9206,3.89
MASTALL,C9118,2.5
MASTALL,C9071,2.5
MASTALL,C9066,1.39
MASTALL,Y190,0.49
MASTALL,Y157C,0.69
MASTALL,Y149,0.24
MASTALL,Y162C,0.49
MASTALL,Y180,1.49
MASTALL,Y181,1.49
MASTALL,Y185,0.49
MASTALL,Y188,0.49
MASTALL,Y191,0.79
MASTALL,Y194,0.79
MASTALL,LLLARGE,1.5
MASTALL,LC04,1.55
MASTALL,LC05,1.55
MASTALL,LC15,1.55
MASTALL,LC16,1.55
MASTALL,ZY9,3.95
MASTALL,ZY10,0.99
MASTALL,LGP644,8.95
MASTALL,LGP642,15.54
MASTALL,LGP625,8.95
MASTALL,LGP631,26.87
MASTALL,LGP632,26.87
MASTALL,LGP633,26.87
MASTALL,LGP635,15.54
MASTALL,LGP636,15.54
MASTALL,LGP730,9.95
MASTALL,LGP8597M,9.95
MASTALL,LGP8911,9.95
MASTALL,LGP8913,9.95
MASTALL,LGP8929,9.95
MASTALL,LGP719,9.95
MASTALL,LGP672,9.95
MASTALL,LGP682,9.95
MASTALL,LGP643,15.54
MASTALL,LGP593,15.6
MASTALL,LGP596,15.6
MASTALL,LGP597,15.6
MASTALL,LGP620,19.95
MASTALL,LGP624,6.95
MASTALL,C9039,16.95
MASTALL,C9092,16.95
MASTALL,C8952,2.49
MASTALL,C8948,2.59
MASTALL,C9010,7.95
MASTALL,C9113,8.89
MASTALL,C9164,5.89
MASTALL,C9163,5.89
MASTALL,C9195,3.19
MASTALL,C9196,3.19
MASTALL,C9197,3.19
MASTALL,C9218,3.19
MASTALL,C9219,3.19
MASTALL,C9082,9.95
MASTALL,C9114,12.17
MASTALL,C9109,16.95
MASTALL,C9115,17.2
MASTALL,C9132,14.14
MASTALL,C9039,12.95
MASTALL,C8866,9.95
MASTALL,C9080,9.95
MASTALL,C9129,15.95
MASTALL,C9190,15.95
MASTALL,C9191,15.95
MASTALL,C9194,15.95
MASTALL,G166L,7.49
MASTALL,G819L,9.49
MASTALL,G142,10.49
MASTALL,G144,12.49
MASTALL,G172,14.49
MASTALL,G190B,11.49
MASTALL,G153,11.49
MASTALL,G1157,12.49
MASTALL,G1154,14.49
MASTALL,G1155,15.49
MASTALL,G1170,15.49
MASTALL,G1171,24.49
MASTALL,G1172,16.49
MASTALL,G1212,11.49
MASTALL,G1134,11.49
MASTALL,G1136N,16.49
MASTALL,G1147,16.49
MASTALL,G1174,15.49
MASTALL,G1218,15.49
MASTALL,G1241,15.49
MASTALL,G1259,15.49
MASTALL,G1262,11.49
MASTALL,G1263,11.49
MASTALL,G1313,15.49
MASTALL,BL007N,19.49
MASTALL,G1099,24.49
MASTALL,G201,14.49
MASTALL,BLUE018,24.49
MASTALL,BLUE031,22.49
MASTALL,BLUE032,23.49
MASTALL,SA434,25.49
MASTALL,SA435,25.49
MASTALL,SA436,25.49
MASTALL,SA437,25.49
MASTALL,SA438,25.49
MASTALL,SA439,25.49
MASTALL,SA571,34.49
MASTALL,SA586,24.49
MASTALL,SA591,24.49
MASTALL,SA596,59.49
MASTALL,SA615,44.49
MASTALL,SA649,44.49
MASTALL,SA651,59.49
MASTALL,SA666,34.49
MASTALL,SA668,59.49
MASTALL,SA671,29.49
MASTALL,SA698,24.49
MASTALL,SA719,34.49
MASTALL,SA737,59.49
MASTALL,T1079,3.5
MASTALL,T1080,3.5
MASTALL,P925,20.95
MASTALL,T1049,16.95
MASTALL,GP6029,15.49
MASTALL,GP6030,9.49
MASTALL,G1099GP,24.49
MASTALL,G107P,19.49
MASTALL,G144GP,21.49
MASTALL,3G119,34.49
MASTALL,3G120,34.49
MASTALL,3G127,41.49
MASTALL,3G128,41.49
MASTALL,3G146,27.49
MASTALL,3G147,27.49
MASTALL,3G161,22.49
MASTALL,3G162,22.49
MASTALL,3G163,22.49
MASTALL,3G164,22.49
MASTALL,3G194,34.49
MASTALL,3G195,34.49
MASTALL,3G196,41.49
MASTALL,3G197,41.49
MASTALL,3G200,41.49
MASTALL,3G202,41.49
MASTALL,3G208,41.49
MASTALL,3G210,41.49
MASTALL,P605,1.4
MASTALL,P613A,2.5
MASTALL,P613B,2.5
MASTALL,P613C,2.5
MASTALL,P632,2.95
MASTALL,P631,2.95
MASTALL,P630,2.95
MASTALL,P640A,3.25
MASTALL,P912L,4.95
MASTALL,P988,8.89
MASTALL,P989,8.89
MASTALL,P914,3.95
MASTALL,P919,7.95
MASTALL,GP6015,9.89
MASTALL,GP6016,9.49
MASTALL,P603,1.4
MASTALL,P607,1.4
MASTALL,T1050S,3.5
MASTALL,T1050,3.5
MASTALL,T1723,0.7
MASTALL,T883,3.95
MASTALL,T884,3.95
MASTALL,T724,0.49
MASTALL,T725,0.99
MASTALL,T726,1.39
MASTALL,T740,11.49
MASTALL,T901,3.5
MASTALL,T952,3.5
MASTALL,T974,0.99
MASTALL,T975,1.19
MASTALL,T992,0.89
MASTALL,T993,1.29
MASTALL,T736B,0.39
MASTALL,T1048L,2.95
MASTALL,T1048S,2.95
MASTALL,T940,2.95
MASTALL,M028,6.89
MASTALL,M006,2.5
MASTALL,M005,4.956
MASTALL,M007,6.89
MASTALL,M009,6.49
MASTALL,M032,8.69
MASTALL,M033,7.5
MASTALL,M034,11.89
MASTALL,M035,14.49
MASTALL,M036,11.49
MASTALL,M040,12.89
MASTALL,M042,9.89
MASTALL,M050,6.89
MASTALL,M056,6.89
MASTALL,M059,8.69
MASTALL,M060,8.69
MASTALL,M063,9.49
MASTALL,M064,9.49
MASTALL,M065,9.49
MASTALL,M066,9.89
MASTALL,M067,9.89
MASTALL,M068,6.89
MASTALL,M069,6.89
MASTALL,M071,9.49
MASTALL,M072,14.49
MASTALL,M073,6.89
MASTALL,M076,6.89
MASTALL,M077,6.89
MASTALL,M078,6.89
MASTALL,M079,6.89
MASTALL,M074,6.89
MASTALL,M081,6.49
MASTALL,M082,6.49
MASTALL,M083,6.49
MASTALL,M085,6.49
MASTALL,M086,6.49
MASTALL,M088,6.49
MASTALL,M089,6.49
MASTALL,M091,6.49
MASTALL,MM-1,3.49
MASTALL,MM-3,7.89
MASTALL,MM-4,10.89
MASTALL,ASH071,2.49
MASTALL,ASH004,3.89
MASTALL,ASH006,4.49
MASTALL,ASH025,2.19
MASTALL,ASH035,2.49
MASTALL,ASH069,2.49
MASTALL,ASH134,2.49
MASTALL,ASH135,2.49
MASTALL,ASH139,2.49
MASTALL,ASH144,2.49
MASTALL,ASH146,2.49
MASTALL,ASH147,2.49
MASTALL,ASH149,2.49
MASTALL,ASH150,2.49
MASTALL,ASH152,2.49
MASTALL,ASH080,1.09
MASTALL,ASH081,1.69
MASTALL,ASH083,1.49
MASTALL,ASH119,1.59
MASTALL,ASH109,4.5
MASTALL,ASH082,1.29
MASTALL,ASH097,1.49
MASTALL,ASH098,1.29
MASTALL,ASH107,1.39
MASTALL,ASH153,1.49
MASTALL,ASH154,1.89
MASTALL,ASH079,5.69
MASTALL,ASH110,6.89
MASTALL,ASH111,5.5
MASTALL,ASH112,5.5
MASTALL,ASH113,5.5
MASTALL,ASH114,5.5
MASTALL,ASH116,5.5
MASTALL,ASH156,6.89
MASTALL,ASH157,6.89
MASTALL,ASH158,8.69
MASTALL,ASH159,8.69
MASTALL,ASH163,8.69
MASTALL,ASH164,8.69
MASTALL,ASH165,9.89
MASTALL,ASH166,8.69
MASTALL,CIG485,4.69
MASTALL,CIG486,4.69
MASTALL,CIG487,4.69
MASTALL,CIG488,4.69
MASTALL,CIG489,4.69
MASTALL,CIG398,10.89
MASTALL,CIG442,3.25
MASTALL,CIG445,3.89
MASTALL,CIG446,3.69
MASTALL,CIG447,3.89
MASTALL,CIG450,4.69
MASTALL,CIG451,4.49
MASTALL,CIG454,4.5
MASTALL,CIG455,7.89
MASTALL,CIG466,7.49
MASTALL,CIG467,7.49
MASTALL,CIG468,4.69
MASTALL,CIG469,4.49
MASTALL,CIG471,4.89
MASTALL,CIG479,7.69
MASTALL,CIG480,7.69
MASTALL,ASH049,2.49
MASTALL,ASH046,4.49
MASTALL,SB25T,0.49
MASTALL,SB32J,0.49
MASTALL,SB38A,0.59
MASTALL,SB3851,0.69
MASTALL,SB51E,0.79
MASTALL,SB5176,1.09
MASTALL,SB76A,1.49
MASTALL,SB76102,1.69
MASTALL,FP59,5.89
MASTALL,T1075,5.49
MASTALL,FP41,17.89
MASTALL,CIG146N,3.49
MASTALL,CIG437,4.49
MASTALL,CIG438,3.69
MASTALL,CIG231,1.99
MASTALL,CIG304,2.19
MASTALL,DS01,24.95
MASTALL,DS02,29.95
MASTALL,PC01,2.5
MASTALL,FP35,23.89
MASTALL,FP36,18.85
MASTALL,FP58,44.89
MASTALL,FP59,26.89
MASTALL,F710C2,5.95
MASTALL,T1076,4.49
MASTALL,T1078,5.49
MASTALL,SC10,0.79
MASTALL,T314,1.35
MASTALL,FP52,17.89
MASTALL,FP51,17.89
MASTALL,FP50,17.89
MASTALL,FP49,17.89
MASTALL,FP44,17.89
MASTALL,P932,12.89
MASTALL,P788,9.89
MASTALL,P915,7.89
MASTALL,WD159N,27.89
MASTALL,TS-56N,18.89
MASTALL,WD170,10.89
MASTALL,WD167,17.89
MASTALL,WD171,8.89
MASTALL,WD172,9.89
MASTALL,WD173,19.89
MASTALL,WD174,21.89
MASTALL,WD150,39.89
MASTALL,WD-80,7.89
MASTALL,TSK1N,5.49
MASTALL,MPC23,3.89
MASTALL,MPC29,6.49
MASTALL,MPC31,3.39
MASTALL,MPC32,3.39
MASTALL,MPC33,3.39
MASTALL,MPC34,4.89
MASTALL,MPC35,4.89
MASTALL,MPC36,4.89
MASTALL,MPC44,7.49
MASTALL,MPC45,1.89
MASTALL,MPC47,3.89
MASTALL,MPC48,3.89
MASTALL,CIG401N,3.49
MASTNONE,C1001,5.89
MASTNONE,C1003,5.89
MASTNONE,C9209,3.21
MASTNONE,C9208,3.21
MASTNONE,C9210,3.21
MASTNONE,C9211,3.21
MASTNONE,C9173,3.89
MASTNONE,C9202,3.89
MASTNONE,C9204,3.89
MASTNONE,C9203,3.89
MASTNONE,C9205,3.89
MASTNONE,C9206,3.89
MASTNONE,C9118,2.5
MASTNONE,C9071,2.5
MASTNONE,C9066,1.39
MASTNONE,Y190,0.49
MASTNONE,Y157C,0.69
MASTNONE,Y149,0.24
MASTNONE,Y162C,0.49
MASTNONE,Y180,1.49
MASTNONE,Y181,1.49
MASTNONE,Y185,0.49
MASTNONE,Y188,0.49
MASTNONE,Y191,0.79
MASTNONE,Y194,0.79
MASTNONE,LLLARGE,1.5
MASTNONE,LC04,1.55
MASTNONE,LC05,1.55
MASTNONE,LC15,1.55
MASTNONE,LC16,1.55
MASTNONE,ZY9,3.95
MASTNONE,ZY10,0.99
MASTNONE,LGP644,8.95
MASTNONE,LGP642,15.54
MASTNONE,LGP625,8.95
MASTNONE,LGP631,26.87
MASTNONE,LGP632,26.87
MASTNONE,LGP633,26.87
MASTNONE,LGP635,15.54
MASTNONE,LGP636,15.54
MASTNONE,LGP730,9.95
MASTNONE,LGP8597M,9.95
MASTNONE,LGP8911,9.95
MASTNONE,LGP8913,9.95
MASTNONE,LGP8929,9.95
MASTNONE,LGP719,9.95
MASTNONE,LGP672,9.95
MASTNONE,LGP682,9.95
MASTNONE,LGP643,15.54
MASTNONE,LGP593,15.6
MASTNONE,LGP596,15.6
MASTNONE,LGP597,15.6
MASTNONE,LGP620,19.95
MASTNONE,LGP624,6.95
MASTNONE,C9039,16.95
MASTNONE,C9092,16.95
MASTNONE,C8952,2.49
MASTNONE,C8948,2.59
MASTNONE,C9010,7.95
MASTNONE,C9113,8.89
MASTNONE,C9164,5.89
MASTNONE,C9163,5.89
MASTNONE,C9195,3.19
MASTNONE,C9196,3.19
MASTNONE,C9197,3.19
MASTNONE,C9218,3.19
MASTNONE,C9219,3.19
MASTNONE,C9082,9.95
MASTNONE,C9114,12.17
MASTNONE,C9109,16.95
MASTNONE,C9115,17.2
MASTNONE,C9132,14.14
MASTNONE,C9039,12.95
MASTNONE,C8866,9.95
MASTNONE,C9080,9.95
MASTNONE,C9129,15.95
MASTNONE,C9190,15.95
MASTNONE,C9191,15.95
MASTNONE,C9194,15.95
MASTNONE,P925,20.95
MASTNONE,T1049,16.95
MASTNONE,P605,1.4
MASTNONE,P613A,2.5
MASTNONE,P613B,2.5
MASTNONE,P613C,2.5
MASTNONE,P632,2.95
MASTNONE,P631,2.95
MASTNONE,P630,2.95
MASTNONE,P640A,3.25
MASTNONE,P912L,4.95
MASTNONE,P988,8.89
MASTNONE,P989,8.89
MASTNONE,P914,3.95
MASTNONE,P603,1.4
MASTNONE,P607,1.4
MASTNONE,T740,11.49
MASTNONE,T974,0.99
MASTNONE,T975,1.19
MASTNONE,T992,0.89
MASTNONE,T993,1.29
MASTNONE,T736B,0.39
MASTNONE,M028,6.89
MASTNONE,M006,2.5
MASTNONE,M005,4.956
MASTNONE,M007,6.89
MASTNONE,M009,6.49
MASTNONE,M032,8.69
MASTNONE,M033,7.5
MASTNONE,M034,11.89
MASTNONE,M035,14.49
MASTNONE,M036,11.49
MASTNONE,M040,12.89
MASTNONE,M042,9.89
MASTNONE,M050,6.89
MASTNONE,M056,6.89
MASTNONE,M059,8.69
MASTNONE,M060,8.69
MASTNONE,M063,9.49
MASTNONE,M064,9.49
MASTNONE,M065,9.49
MASTNONE,M066,9.89
MASTNONE,M067,9.89
MASTNONE,M068,6.89
MASTNONE,M069,6.89
MASTNONE,M071,9.49
MASTNONE,M072,14.49
MASTNONE,M073,6.89
MASTNONE,M076,6.89
MASTNONE,M077,6.89
MASTNONE,M078,6.89
MASTNONE,M079,6.89
MASTNONE,M074,6.89
MASTNONE,M081,6.49
MASTNONE,M082,6.49
MASTNONE,M083,6.49
MASTNONE,M085,6.49
MASTNONE,M086,6.49
MASTNONE,M088,6.49
MASTNONE,M089,6.49
MASTNONE,M091,6.49
MASTNONE,MM-1,3.49
MASTNONE,MM-3,7.89
MASTNONE,MM-4,10.89
MASTNONE,ASH071,2.49
MASTNONE,ASH004,3.89
MASTNONE,ASH006,4.49
MASTNONE,ASH025,2.19
MASTNONE,ASH035,2.49
MASTNONE,ASH069,2.49
MASTNONE,ASH134,2.49
MASTNONE,ASH135,2.49
MASTNONE,ASH139,2.49
MASTNONE,ASH144,2.49
MASTNONE,ASH146,2.49
MASTNONE,ASH147,2.49
MASTNONE,ASH149,2.49
MASTNONE,ASH150,2.49
MASTNONE,ASH152,2.49
MASTNONE,ASH080,1.09
MASTNONE,ASH081,1.69
MASTNONE,ASH083,1.49
MASTNONE,ASH119,1.59
MASTNONE,ASH109,4.5
MASTNONE,ASH082,1.29
MASTNONE,ASH097,1.49
MASTNONE,ASH098,1.29
MASTNONE,ASH107,1.39
MASTNONE,ASH153,1.49
MASTNONE,ASH154,1.89
MASTNONE,ASH079,5.69
MASTNONE,ASH110,6.89
MASTNONE,ASH111,5.5
MASTNONE,ASH112,5.5
MASTNONE,ASH113,5.5
MASTNONE,ASH114,5.5
MASTNONE,ASH116,5.5
MASTNONE,ASH156,6.89
MASTNONE,ASH157,6.89
MASTNONE,ASH158,8.69
MASTNONE,ASH159,8.69
MASTNONE,ASH163,8.69
MASTNONE,ASH164,8.69
MASTNONE,ASH165,9.89
MASTNONE,ASH166,8.69
MASTNONE,CIG485,4.69
MASTNONE,CIG486,4.69
MASTNONE,CIG487,4.69
MASTNONE,CIG488,4.69
MASTNONE,CIG489,4.69
MASTNONE,CIG398,10.89
MASTNONE,CIG442,3.25
MASTNONE,CIG445,3.89
MASTNONE,CIG446,3.69
MASTNONE,CIG447,3.89
MASTNONE,CIG450,4.69
MASTNONE,CIG451,4.49
MASTNONE,CIG454,4.5
MASTNONE,CIG455,7.89
MASTNONE,CIG466,7.49
MASTNONE,CIG467,7.49
MASTNONE,CIG468,4.69
MASTNONE,CIG469,4.49
MASTNONE,CIG471,4.89
MASTNONE,CIG479,7.69
MASTNONE,CIG480,7.69
MASTNONE,ASH049,2.49
MASTNONE,ASH046,4.49
MASTNONE,SB25T,0.49
MASTNONE,SB32J,0.49
MASTNONE,SB38A,0.59
MASTNONE,SB3851,0.69
MASTNONE,SB51E,0.79
MASTNONE,SB5176,1.09
MASTNONE,SB76A,1.49
MASTNONE,SB76102,1.69
MASTNONE,FP59,5.89
MASTNONE,T1075,5.49
MASTNONE,FP41,17.89
MASTNONE,CIG146N,3.49
MASTNONE,CIG437,4.49
MASTNONE,CIG438,3.69
MASTNONE,CIG231,1.99
MASTNONE,CIG304,2.19
MASTNONE,DS01,24.95
MASTNONE,DS02,29.95
MASTNONE,PC01,2.5
MASTNONE,FP35,23.89
MASTNONE,FP36,18.85
MASTNONE,FP58,44.89
MASTNONE,FP59,26.89
MASTNONE,F710C2,5.95
MASTNONE,T1076,4.49
MASTNONE,T1078,5.49
MASTNONE,SC10,0.79
MASTNONE,T314,1.35
MASTNONE,FP52,17.89
MASTNONE,FP51,17.89
MASTNONE,FP50,17.89
MASTNONE,FP49,17.89
MASTNONE,FP44,17.89
MASTNONE,P932,12.89
MASTNONE,P788,9.89
MASTNONE,P915,7.89
MASTNONE,WD159N,27.89
MASTNONE,TS-56N,18.89
MASTNONE,WD170,10.89
MASTNONE,WD167,17.89
MASTNONE,WD171,8.89
MASTNONE,WD172,9.89
MASTNONE,WD173,19.89
MASTNONE,WD174,21.89
MASTNONE,WD150,39.89
MASTNONE,WD-80,7.89
MASTNONE,TSK1N,5.49
MASTNONE,MPC23,3.89
MASTNONE,MPC29,6.49
MASTNONE,MPC31,3.39
MASTNONE,MPC32,3.39
MASTNONE,MPC33,3.39
MASTNONE,MPC34,4.89
MASTNONE,MPC35,4.89
MASTNONE,MPC36,4.89
MASTNONE,MPC44,7.49
MASTNONE,MPC45,1.89
MASTNONE,MPC47,3.89
MASTNONE,MPC48,3.89
MASTNONE,CIG401N,3.49
MASTOILP,C1001,5.89
MASTOILP,C1003,5.89
MASTOILP,C9209,3.21
MASTOILP,C9208,3.21
MASTOILP,C9210,3.21
MASTOILP,C9211,3.21
MASTOILP,C9173,3.89
MASTOILP,C9202,3.89
MASTOILP,C9204,3.89
MASTOILP,C9203,3.89
MASTOILP,C9205,3.89
MASTOILP,C9206,3.89
MASTOILP,C9118,2.5
MASTOILP,C9071,2.5
MASTOILP,C9066,1.39
MASTOILP,Y190,0.49
MASTOILP,Y157C,0.69
MASTOILP,Y149,0.24
MASTOILP,Y162C,0.49
MASTOILP,Y180,1.49
MASTOILP,Y181,1.49
MASTOILP,Y185,0.49
MASTOILP,Y188,0.49
MASTOILP,Y191,0.79
MASTOILP,Y194,0.79
MASTOILP,LLLARGE,1.5
MASTOILP,LC04,1.55
MASTOILP,LC05,1.55
MASTOILP,LC15,1.55
MASTOILP,LC16,1.55
MASTOILP,ZY9,3.95
MASTOILP,ZY10,0.99
MASTOILP,LGP644,8.95
MASTOILP,LGP642,15.54
MASTOILP,LGP625,8.95
MASTOILP,LGP631,26.87
MASTOILP,LGP632,26.87
MASTOILP,LGP633,26.87
MASTOILP,LGP635,15.54
MASTOILP,LGP636,15.54
MASTOILP,LGP730,9.95
MASTOILP,LGP8597M,9.95
MASTOILP,LGP8911,9.95
MASTOILP,LGP8913,9.95
MASTOILP,LGP8929,9.95
MASTOILP,LGP719,9.95
MASTOILP,LGP672,9.95
MASTOILP,LGP682,9.95
MASTOILP,LGP643,15.54
MASTOILP,LGP593,15.6
MASTOILP,LGP596,15.6
MASTOILP,LGP597,15.6
MASTOILP,LGP620,19.95
MASTOILP,LGP624,6.95
MASTOILP,C9039,16.95
MASTOILP,C9092,16.95
MASTOILP,C8952,2.49
MASTOILP,C8948,2.59
MASTOILP,C9010,7.95
MASTOILP,C9113,8.89
MASTOILP,C9164,5.89
MASTOILP,C9163,5.89
MASTOILP,C9195,3.19
MASTOILP,C9196,3.19
MASTOILP,C9197,3.19
MASTOILP,C9218,3.19
MASTOILP,C9219,3.19
MASTOILP,C9082,9.95
MASTOILP,C9114,12.17
MASTOILP,C9109,16.95
MASTOILP,C9115,17.2
MASTOILP,C9132,14.14
MASTOILP,C9039,12.95
MASTOILP,C8866,9.95
MASTOILP,C9080,9.95
MASTOILP,C9129,15.95
MASTOILP,C9190,15.95
MASTOILP,C9191,15.95
MASTOILP,C9194,15.95
MASTOILP,A260,49.95
MASTOILP,P925,20.95
MASTOILP,T1049,16.95
MASTOILP,A179,19.95
MASTOILP,A201D,18.9
MASTOILP,A205,12.95
MASTOILP,A208,19.95
MASTOILP,A232,6.95
MASTOILP,A233,6.95
MASTOILP,A234,6.95
MASTOILP,A258,49.95
MASTOILP,A259,49.95
MASTOILP,A261,49.95
MASTOILP,A262,49.95
MASTOILP,A263,49.95
MASTOILP,A264,49.95
MASTOILP,A264,49.95
MASTOILP,AP18,1.95
MASTOILP,H50 TANGERINE,3.95
MASTOILP,P605,1.4
MASTOILP,P613A,2.5
MASTOILP,P613B,2.5
MASTOILP,P613C,2.5
MASTOILP,P632,2.95
MASTOILP,P631,2.95
MASTOILP,P630,2.95
MASTOILP,P640A,3.25
MASTOILP,P912L,4.95
MASTOILP,P988,8.89
MASTOILP,P989,8.89
MASTOILP,P914,3.95
MASTOILP,P603,1.4
MASTOILP,P607,1.4
MASTOILP,T1723,0.7
MASTOILP,T724,0.49
MASTOILP,T725,0.99
MASTOILP,T726,1.39
MASTOILP,T740,11.49
MASTOILP,T974,0.99
MASTOILP,T975,1.19
MASTOILP,T992,0.89
MASTOILP,T993,1.29
MASTOILP,T736B,0.39
MASTOILP,M028,6.89
MASTOILP,M006,2.5
MASTOILP,M005,4.956
MASTOILP,M007,6.89
MASTOILP,M009,6.49
MASTOILP,M032,8.69
MASTOILP,M033,7.5
MASTOILP,M034,11.89
MASTOILP,M035,14.49
MASTOILP,M036,11.49
MASTOILP,M040,12.89
MASTOILP,M042,9.89
MASTOILP,M050,6.89
MASTOILP,M056,6.89
MASTOILP,M059,8.69
MASTOILP,M060,8.69
MASTOILP,M063,9.49
MASTOILP,M064,9.49
MASTOILP,M065,9.49
MASTOILP,M066,9.89
MASTOILP,M067,9.89
MASTOILP,M068,6.89
MASTOILP,M069,6.89
MASTOILP,M071,9.49
MASTOILP,M072,14.49
MASTOILP,M073,6.89
MASTOILP,M076,6.89
MASTOILP,M077,6.89
MASTOILP,M078,6.89
MASTOILP,M079,6.89
MASTOILP,M074,6.89
MASTOILP,M081,6.49
MASTOILP,M082,6.49
MASTOILP,M083,6.49
MASTOILP,M085,6.49
MASTOILP,M086,6.49
MASTOILP,M088,6.49
MASTOILP,M089,6.49
MASTOILP,M091,6.49
MASTOILP,MM-1,3.49
MASTOILP,MM-3,7.89
MASTOILP,MM-4,10.89
MASTOILP,ASH071,2.49
MASTOILP,ASH004,3.89
MASTOILP,ASH006,4.49
MASTOILP,ASH025,2.19
MASTOILP,ASH035,2.49
MASTOILP,ASH069,2.49
MASTOILP,ASH134,2.49
MASTOILP,ASH135,2.49
MASTOILP,ASH139,2.49
MASTOILP,ASH144,2.49
MASTOILP,ASH146,2.49
MASTOILP,ASH147,2.49
MASTOILP,ASH149,2.49
MASTOILP,ASH150,2.49
MASTOILP,ASH152,2.49
MASTOILP,ASH080,1.09
MASTOILP,ASH081,1.69
MASTOILP,ASH083,1.49
MASTOILP,ASH119,1.59
MASTOILP,ASH109,4.5
MASTOILP,ASH082,1.29
MASTOILP,ASH097,1.49
MASTOILP,ASH098,1.29
MASTOILP,ASH107,1.39
MASTOILP,ASH153,1.49
MASTOILP,ASH154,1.89
MASTOILP,ASH079,5.69
MASTOILP,ASH110,6.89
MASTOILP,ASH111,5.5
MASTOILP,ASH112,5.5
MASTOILP,ASH113,5.5
MASTOILP,ASH114,5.5
MASTOILP,ASH116,5.5
MASTOILP,ASH156,6.89
MASTOILP,ASH157,6.89
MASTOILP,ASH158,8.69
MASTOILP,ASH159,8.69
MASTOILP,ASH163,8.69
MASTOILP,ASH164,8.69
MASTOILP,ASH165,9.89
MASTOILP,ASH166,8.69
MASTOILP,CIG485,4.69
MASTOILP,CIG486,4.69
MASTOILP,CIG487,4.69
MASTOILP,CIG488,4.69
MASTOILP,CIG489,4.69
MASTOILP,CIG398,10.89
MASTOILP,CIG442,3.25
MASTOILP,CIG445,3.89
MASTOILP,CIG446,3.69
MASTOILP,CIG447,3.89
MASTOILP,CIG450,4.69
MASTOILP,CIG451,4.49
MASTOILP,CIG454,4.5
MASTOILP,CIG455,7.89
MASTOILP,CIG466,7.49
MASTOILP,CIG467,7.49
MASTOILP,CIG468,4.69
MASTOILP,CIG469,4.49
MASTOILP,CIG471,4.89
MASTOILP,CIG479,7.69
MASTOILP,CIG480,7.69
MASTOILP,ASH049,2.49
MASTOILP,ASH046,4.49
MASTOILP,SB25T,0.49
MASTOILP,SB32J,0.49
MASTOILP,SB38A,0.59
MASTOILP,SB3851,0.69
MASTOILP,SB51E,0.79
MASTOILP,SB5176,1.09
MASTOILP,SB76A,1.49
MASTOILP,SB76102,1.69
MASTOILP,FP59,5.89
MASTOILP,T1075,5.49
MASTOILP,FP41,17.89
MASTOILP,CIG146N,3.49
MASTOILP,CIG437,4.49
MASTOILP,CIG438,3.69
MASTOILP,CIG231,1.99
MASTOILP,CIG304,2.19
MASTOILP,DS01,24.95
MASTOILP,DS02,29.95
MASTOILP,PC01,2.5
MASTOILP,FP35,23.89
MASTOILP,FP36,18.85
MASTOILP,FP58,44.89
MASTOILP,FP59,26.89
MASTOILP,F710C2,5.95
MASTOILP,T1076,4.49
MASTOILP,T1078,5.49
MASTOILP,SC10,0.79
MASTOILP,T314,1.35
MASTOILP,FP52,17.89
MASTOILP,FP51,17.89
MASTOILP,FP50,17.89
MASTOILP,FP49,17.89
MASTOILP,FP44,17.89
MASTOILP,P932,12.89
MASTOILP,P788,9.89
MASTOILP,P915,7.89
MASTOILP,GO1040,17.95
MASTOILP,GO1114,16.5
MASTOILP,GO1118,17.5
MASTOILP,GO1119,15.5
MASTOILP,GO1126,15.5
MASTOILP,GO1127,15.5
MASTOILP,GO1134,16.5
MASTOILP,GO1145,24.95
MASTOILP,GO1154,21.95
MASTOILP,GO1155,25.95
MASTOILP,GO1201,15.5
MASTOILP,GO1202,15.5
MASTOILP,GO1203,15.5
MASTOILP,GO1205,15.5
MASTOILP,GO1210,13.9
MASTOILP,GO1211,13.9
MASTOILP,GO1212,14.9
MASTOILP,GO1216,17.95
MASTOILP,GO1217,17.95
MASTOILP,GO1218,17.95
MASTOILP,GO1221,18.5
MASTOILP,GO1225,24.95
MASTOILP,GO1259,15.95
MASTOILP,GO1260,15.95
MASTOILP,GO1261,19.95
MASTOILP,GO1262,14.9
MASTOILP,GO1263,14.9
MASTOILP,GO1265,21.95
MASTOILP,GO1266,21.95
MASTOILP,GO1267,21.95
MASTOILP,GO1269,17.95
MASTOILP,GO1270,17.95
MASTOILP,GO1272,17.95
MASTOILP,GO1273,17.95
MASTOILP,GO144,14.5
MASTOILP,GO153,15.95
MASTOILP,GO165,18.95
MASTOILP,GO190B,13.95
MASTOILP,GO232,14.95
MASTOILP,GO249,17.5
MASTOILP,GO250,17.5
MASTOILP,GO251,15.95
MASTOILP,GO252,15.95
MASTOILP,GO253,15.95
MASTOILP,GO819L,14.95
MASTOILP,GO985,26.95
MASTOILP,SAOIL387,69.95
MASTOILP,SAOIL388,69.95
MASTOILP,SAOIL389,69.95
MASTOILP,SAOIL390,69.95
MASTOILP,WD159N,27.89
MASTOILP,TS-56N,18.89
MASTOILP,WD170,10.89
MASTOILP,WD167,17.89
MASTOILP,WD171,8.89
MASTOILP,WD172,9.89
MASTOILP,WD173,19.89
MASTOILP,WD174,21.89
MASTOILP,WD150,39.89
MASTOILP,WD-80,7.89
MASTOILP,TSK1N,5.49
MASTOILP,MPC23,3.89
MASTOILP,MPC29,6.49
MASTOILP,MPC31,3.39
MASTOILP,MPC32,3.39
MASTOILP,MPC33,3.39
MASTOILP,MPC34,4.89
MASTOILP,MPC35,4.89
MASTOILP,MPC36,4.89
MASTOILP,MPC44,7.49
MASTOILP,MPC45,1.89
MASTOILP,MPC47,3.89
MASTOILP,MPC48,3.89
MASTOILP,CIG401N,3.49
OVERFLOW,Y01,0.13
OVERFLOW,Y41,0.89
OVERFLOW,Y66C,3.95
OVERFLOW,Y66R,0.35
OVERFLOW,Y138,0.35
OVERFLOW,Y105,0.36
OVERFLOW,Y130,0.69
OVERFLOW,Y81N,0.69
OVERFLOW,Y133,0.69
OVERFLOW,Y134,0.69
OVERFLOW,Y135,0.69
OVERFLOW,Y95,0.99
OVERFLOW,Y44,0.99
OVERFLOW,Y103,0.99
OVERFLOW,C8801,2.5
OVERFLOW,Y90N,3.2
OVERFLOW,C8955,1.2
OVERFLOW,ZY4,1.5
OVERFLOW,ZY5,1.5
OVERFLOW,ASH035,2
OVERFLOW,ASH068,2
OVERFLOW,ASH012,2
OVERFLOW,ASH049,2
OVERFLOW,ASH070,2
OVERFLOW,ASH071,2
OVERFLOW,LC02,1.8
OVERFLOW,LC03,1.8
OVERFLOW,LC04,1.8
OVERFLOW,LC08,1.8
OVERFLOW,TSP001,2.95
OVERFLOW,TSP001B,2.95
OVERFLOW,CAS5A,0.35
OVERFLOW,CAS7A,0.35
OVERFLOW,CAS19,1.2
OVERFLOW,JEW028,0.72
OVERFLOW,JEW029,0.72
OVERFLOW,JEW032,0.72
OVERFLOW,JEW032,0.72
OVERFLOW,JEW034,0.72
OVERFLOW,JEW035,0.72
OVERFLOW,JEW001,0.99
OVERFLOW,JEW002,0.99
OVERFLOW,JEW003,0.99
OVERFLOW,JEW004,0.99
OVERFLOW,JEW009,0.99
OVERFLOW,JEW008,0.99
OVERFLOW,MPC14,1.95
PRIBUS,TSP001B,3
PRIBUS,Y01,0.15
PRIBUS,ASH004,4.5
PRIBUS,ASH006,4.95
PRIBUS,ASH079,5.95
PRIBUS,ASH137,2.5
PRIBUS,ASH139,2.5
PRIBUS,MPC22,2.25
PRIBUS,MPC14,2.25
PRIBUS,WD-80,8
PRIBUS,C9066,0.99
PUMAENERGY,C8990N,3.95
PUMAENERGY,C9100,3.95
PUMAENERGY,C9118,3.95
PUMAENERGY,ECJ079P,8.31
PUMAENERGY,ECJ080P,8.31
PUMAENERGY,ECJ081P,8.31
PUMAENERGY,ECJ082P,8.31
PUMAENERGY,ECJ083P,8.31
PUMAENERGY,ECJ095P,8.31
PUMAENERGY,ECJ097P,8.31
PUMAENERGY,ECJ098P,8.31
PUMAENERGY,ECJ099P,8.31
PUMAENERGY,ECJ100P,8.31
PUMAENERGY,ECJ101P,8.31
PUMAENERGY,ECJ103P,8.31
PUMAENERGY,ECJ104P,8.31
PUMAENERGY,ECJ105P,8.31
PUMAENERGY,ECJ106P,8.31
PUMAENERGY,ECJ137P,8.31
PUMAENERGY,ECJ138P,8.31
PUMAENERGY,ECJ139P,8.31
PUMAENERGY,LS12,0
PUMAENERGY,TJJ3001,8.31
PUMAENERGY,TJJ3002,8.31
PUMAENERGY,TJJ3003,8.31
PUMAENERGY,TJJ3004,8.31
PUMAENERGY,TVP01,20.43
PUMAENERGY,TVP01SCPK5,14.56
PUMAENERGY,TVP02,29.81
PUMAENERGY,TVP02BCPK3,8.73
PUMAENERGY,TVP06,49.63
PUMAENERGY,TVP06BCPK3,8.81
PUMAENERGY,TVP09,25.38
PUMAENERGY,TVP09TPK2,9.13
PUMAENERGY,TVP10,39.73
PUMAENERGY,TVP10BCPK5,15.53
PUMAENERGY,TVP11,49.75
PUMAENERGY,ZY10,0.9
PUMAENERGY,ZY9,3.5
PUMAENERGY,Y157C,0.79
PUMAENERGY,Y162C,0.49
RAYMCTC,C1000,5.89
RAYMCTC,C1001,5.89
RAYMCTC,C1002,5.89
RAYMCTC,C1003,5.89
RAYMCTC,C9186,5.89
RAYMCTC,C9188,5.89
RAYMCTC,C9209,3.21
RAYMCTC,C9208,3.21
RAYMCTC,C9210,3.21
RAYMCTC,C9212,3.21
RAYMCTC,C9211,3.21
RAYMCTC,C9173,3.89
RAYMCTC,C9202,3.89
RAYMCTC,C9204,3.89
RAYMCTC,C9203,3.89
RAYMCTC,C9205,3.89
RAYMCTC,C9206,3.89
RAYMCTC,C9118,2.5
RAYMCTC,C9071,2.5
RAYMCTC,C8952,2.49
RAYMCTC,C8948,2.59
RAYMCTC,C9010,7.95
RAYMCTC,C9113,8.89
RAYMCTC,C9164,5.89
RAYMCTC,C9163,5.89
RAYMCTC,C9195,3.19
RAYMCTC,C9196,3.19
RAYMCTC,C9197,3.19
RAYMCTC,C9218,3.19
RAYMCTC,C9219,3.19
RAYMCTC,C9066,1.39
RAYMCTC,ZY9,3.95
RAYMCTC,ZY10,0.99
RAYMCTC,Y157C,0.69
RAYMCTC,Y149,0.24
RAYMCTC,Y162C,0.49
RAYMCTC,Y176,0.49
RAYMCTC,Y180,1.49
RAYMCTC,Y181,1.49
RAYMCTC,Y185,0.49
RAYMCTC,Y188,0.49
RAYMCTC,Y191,0.79
RAYMCTC,Y194,0.79
RAYMCTC,LLLARGE,1.5
RAYMCTC,LC04,1.55
RAYMCTC,LC05,1.55
RAYMCTC,LC15,1.55
RAYMCTC,LC16,1.55
RAYMCTC,C9082,9.95
RAYMCTC,C9107,16.95
RAYMCTC,C9108,16.95
RAYMCTC,C9114,12.17
RAYMCTC,C9109,16.95
RAYMCTC,C9115,17.2
RAYMCTC,C9132,14.14
RAYMCTC,LGP624,8.95
RAYMCTC,LGP625,8.95
RAYMCTC,LGP624,8.95
RAYMCTC,LGP631,26.87
RAYMCTC,LGP632,26.87
RAYMCTC,LGP633,26.87
RAYMCTC,LGP634,15.54
RAYMCTC,LGP635,15.54
RAYMCTC,LGP636,15.54
RAYMCTC,LGP637,15.54
RAYMCTC,LGP638,15.54
RAYMCTC,P603,1.4
RAYMCTC,P605,1.4
RAYMCTC,P607,1.4
RAYMCTC,P613A,2.5
RAYMCTC,P613B,2.5
RAYMCTC,P613C,2.5
RAYMCTC,P632,2.95
RAYMCTC,P631,2.95
RAYMCTC,P630,2.95
RAYMCTC,P640A,3.25
RAYMCTC,P912L,4.95
RAYMCTC,P988,8.89
RAYMCTC,P989,8.89
RAYMCTC,P914,3.95
RAYMCTC,P919,7.95
RAYMCTC,GP6015,9.89
RAYMCTC,GP6016,9.49
RAYMCTC,ECJB01,0.45
RAYMCTC,ECJ001P,1.5
RAYMCTC,ECJ004P,2.25
RAYMCTC,ECJ007P,1.5
RAYMCTC,ECJ012P,1.5
RAYMCTC,ECJ013P,2.25
RAYMCTC,ECJ014P,2.95
RAYMCTC,ECJ021P,1.5
RAYMCTC,ECJ024P,2.25
RAYMCTC,ECJ027P,1.5
RAYMCTC,ECJ050,2.5
RAYMCTC,ECJ079P,4.95
RAYMCTC,ECJ080P,4.95
RAYMCTC,ECJ081P,4.95
RAYMCTC,ECJ083P,4.95
RAYMCTC,ECJ085,3.95
RAYMCTC,ECJ087,3.95
RAYMCTC,ECJ088P,3.95
RAYMCTC,ECJ095P,4.95
RAYMCTC,ECJ098P,4.95
RAYMCTC,ECJ099P,4.95
RAYMCTC,ECJ100P,4.95
RAYMCTC,ECJ101P,4.95
RAYMCTC,ECJ103P,3.95
RAYMCTC,ECJ104P,3.95
RAYMCTC,ECJ1137P,4.95
RAYMCTC,ECJ1138P,4.95
RAYMCTC,ECJ1139P,4.95
RAYMCTC,TECJ3001,3.5
RAYMCTC,TECJ3002,3.5
RAYMCTC,TECJ3003,3.5
RAYMCTC,TECJ3004,3.5
RAYMCTC,TECJ3005,3.5
RAYMCTC,TECJ3006,7.95
RAYMCTC,TECJ3007,3.5
RAYMCTC,TJJ3001,7.95
RAYMCTC,TJJ3002,7.95
RAYMCTC,TJJ3003,7.95
RAYMCTC,TJJ3004,7.95
RAYMCTC,TRJ1001,1.5
RAYMCTC,TRJ1002,1.5
RAYMCTC,TRJ1003,1.5
RAYMCTC,TRJ1004,1.5
RAYMCTC,TRJ1005,1.5
RAYMCTC,TRJ1007,1.5
RAYMCTC,TRJ1008,1.5
RAYMCTC,TRJ1009,1.5
RAYMCTC,TRJ1010,1.5
RAYMCTC,TRJ1011,1.5
RAYMCTC,TRJ1012,1.5
RAYMCTC,TRJ1014,1.5
RAYMCTC,TRJ1017,1.5
RAYMCTC,TRJ1019,1.5
RAYMCTC,TRJ1024,1.5
RAYMCTC,TRJ1028,1.5
RAYMCTC,TRJ3001,5.95
RAYMCTC,TRJ3002,5.95
RAYMCTC,TRJ3003,5.95
RAYMCTC,TRJ3004,5.95
RAYMCTC,TRJ3005,5.95
RAYMCTC,TRJ3006,5.95
RAYMCTC,TRJ3007,5.95
RAYMCTC,TRJ3008,5.95
RAYMCTC,TRJ3009,5.95
RAYMCTC,TRJ3010,5.95
RAYMCTC,TRJ3011,5.95
RAYMCTC,TRJ3012,5.95
RAYMCTC,TRJ3013,5.95
RAYMCTC,TRJ3014,5.95
RAYMCTC,TRJ3015,5.95
RAYMCTC,TRJ3016,5.95
RAYMCTC,TRJ3017,5.95
RAYMCTC,TRJ3018,5.95
RAYMCTC,TRJ3019,5.95
RAYMCTC,TRJ3021,5.95
RAYMCTC,TVP25,5.95
RAYMCTC,TVP26,8.5
RAYMCTC,TVP27,8.5
RAYMCTC,TVP28,8.5
RAYMCTC,TVP29,16.95
RAYMCTC,TVP30,16.95
RONDIS,C8948,3.95
RONDIS,C8952,3.95
RONDIS,C9071,2.95
RONDIS,C9118,2.92
RONDIS,Y171,0.49
RONDIS,Y172,0.49
RONDIS,Y176,0.49
RONDIS,Y182,0.99
RONDIS,Y184,0.99
RONDIS,Y185,0.49
RONDIS,Y186,0.49
RONDIS,Y187,0.49
RONDIS,Y190,0.49
RONDIS,Y191,0.79
RONDIS,Y192,0.79
RONDIS,Y193,0.79
RONDIS,Y149,0.31
RONDIS,C9169,3.43
RONDIS,C9151,3.52
RONDIS,C9153,3.52
RONDIS,Y188,0.49
RONDIS,Y157C,0.79
RONDIS,Y160c,0.99
RONDIS,C2003,4.5
RONDIS,LBONGMIX,99
SAPUTRA,ASH001,1.8
SAPUTRA,ASH025,1.8
SAPUTRA,ASH035,2.5
SAPUTRA,ASH080,0.99
SAPUTRA,ASH081,1.3
SAPUTRA,ASH083,1.1
SAPUTRA,ASH097,1.1
SAPUTRA,ASH108,1.5
SAPUTRA,ASH109,4.5
SAPUTRA,ASH111,4.5
SAPUTRA,ASH112,4.5
SAPUTRA,ASH113,4.5
SAPUTRA,ASH114,4.5
SAPUTRA,ASH115,4.5
SAPUTRA,ASH116,4.5
SAPUTRA,ASH117,4.5
SAPUTRA,ASH118,4.5
SAPUTRA,ASH119,1.3
SAPUTRA,ASH121,4.5
SAPUTRA,ASH122,4.5
SAPUTRA,ASH136,2.5
SAPUTRA,C2001,5.5
SAPUTRA,C2002,5.5
SAPUTRA,C2500,5.95
SAPUTRA,C8672,2.95
SAPUTRA,C8757,2.95
SAPUTRA,C8883,5.5
SAPUTRA,C8948,2.95
SAPUTRA,C8952,2.95
SAPUTRA,C8972,6.95
SAPUTRA,C8987,2.95
SAPUTRA,C8994,3.95
SAPUTRA,C8996,3.5
SAPUTRA,C9012,2.25
SAPUTRA,C9018,2.95
SAPUTRA,C9020,2.25
SAPUTRA,C9022,3.95
SAPUTRA,C9023,3.95
SAPUTRA,C9038,9.95
SAPUTRA,C9041,2.95
SAPUTRA,C9049,3.5
SAPUTRA,C9051,3.5
SAPUTRA,C9052,3.5
SAPUTRA,C9062,14.5
SAPUTRA,C9066,0.99
SAPUTRA,C9069,2.75
SAPUTRA,C9071,2.25
SAPUTRA,C9083,4.5
SAPUTRA,C9086,19.95
SAPUTRA,C9100,2.25
SAPUTRA,C9107,14.5
SAPUTRA,C9108,14.5
SAPUTRA,C9109,14.5
SAPUTRA,C9114,12.5
SAPUTRA,C9118,2.5
SAPUTRA,C9119,2.95
SAPUTRA,C9122,2.5
SAPUTRA,C9124,2.5
SAPUTRA,C9126,2.5
SAPUTRA,C9128,2.5
SAPUTRA,C9132,12.5
SAPUTRA,C9145,3.5
SAPUTRA,C9146,3.95
SAPUTRA,C9147,3.95
SAPUTRA,C9148,3.95
SAPUTRA,CIG113SM,1.5
SAPUTRA,CIG350,1.8
SAPUTRA,CIG351,1.8
SAPUTRA,CIG427,3.5
SAPUTRA,CIG435,3.5
SAPUTRA,CIG436,3.95
SAPUTRA,CIG448,4.5
SAPUTRA,CIG449,4.5
SAPUTRA,CIG457,3.95
SAPUTRA,CIG458,3.95
SAPUTRA,CIG459,3.95
SAPUTRA,CIG460,3.95
SAPUTRA,CIG461,3.95
SAPUTRA,CIG462,3.95
SAPUTRA,CIG463,3.95
SAPUTRA,CIG464,3.95
SAPUTRA,CIG465,3.95
SAPUTRA,CIG467,5.14
SAPUTRA,CIG468,4.25
SAPUTRA,CIG469,4.12
SAPUTRA,CIG470,4.44
SAPUTRA,CIG472,3.95
SAPUTRA,ECJ001P,1.5
SAPUTRA,ECJ003P,1.5
SAPUTRA,ECJ004P,1.5
SAPUTRA,ECJ005P,1.5
SAPUTRA,ECJ006P,1.5
SAPUTRA,ECJ007P,1.5
SAPUTRA,ECJ008P,1.5
SAPUTRA,ECJ010P,1.5
SAPUTRA,ECJ011P,1.5
SAPUTRA,ECJ012P,1.5
SAPUTRA,ECJ013P,1.5
SAPUTRA,ECJ014P,1.5
SAPUTRA,ECJ015P,1.5
SAPUTRA,ECJ017P,1.5
SAPUTRA,ECJ018P,1.5
SAPUTRA,ECJ021P,1.5
SAPUTRA,ECJ024P,1.5
SAPUTRA,ECJ025P,1.5
SAPUTRA,ECJ026P,1.5
SAPUTRA,ECJ027P,1.5
SAPUTRA,ECJ032P,1.5
SAPUTRA,ECJ066P,4.5
SAPUTRA,ECJ079P,5.95
SAPUTRA,ECJ080P,5.95
SAPUTRA,ECJ081P,5.95
SAPUTRA,ECJ082P,5.95
SAPUTRA,ECJ083P,5.95
SAPUTRA,ECJ092P,5.95
SAPUTRA,ECJ093P,5.95
SAPUTRA,ECJ094P,5.95
SAPUTRA,ECJ095P,5.95
SAPUTRA,ECJ096P,5.95
SAPUTRA,ECJ097P,5.95
SAPUTRA,ECJ098P,5.95
SAPUTRA,ECJ099P,5.95
SAPUTRA,ECJ100P,5.95
SAPUTRA,ECJ101P,5.95
SAPUTRA,ECJ103P,5.95
SAPUTRA,ECJ104P,5.95
SAPUTRA,ECJ105P,5.95
SAPUTRA,ECJ106P,5.95
SAPUTRA,ECJ137P,5.95
SAPUTRA,ECJ138P,5.95
SAPUTRA,ECJ139P,5.95
SAPUTRA,LC04,1.5
SAPUTRA,LC05,1.5
SAPUTRA,LC06,1.5
SAPUTRA,LC07,1.5
SAPUTRA,LC09,1.5
SAPUTRA,LC15,1.5
SAPUTRA,LC16,1.5
SAPUTRA,LC18,1.8
SAPUTRA,LC20,1.5
SAPUTRA,LGP522,19.95
SAPUTRA,LGP603,12.5
SAPUTRA,LGP604,12.5
SAPUTRA,LGP619,14.95
SAPUTRA,LGP623,24.5
SAPUTRA,LGP631,19.95
SAPUTRA,LGP632,19.95
SAPUTRA,LGP633,19.95
SAPUTRA,LGP634,12.95
SAPUTRA,LGP635,12.95
SAPUTRA,LGP636,12.95
SAPUTRA,LGP8867,8.95
SAPUTRA,LGP8872,8.95
SAPUTRA,LGP8913,8.95
SAPUTRA,LGP8916,8.95
SAPUTRA,LGP8921,8.95
SAPUTRA,LGP8922,8.95
SAPUTRA,LGP8923,8.95
SAPUTRA,LGP8924,8.95
SAPUTRA,LGP8925,8.95
SAPUTRA,M006,2.5
SAPUTRA,M023,15.95
SAPUTRA,M031,11.95
SAPUTRA,M056,8.14
SAPUTRA,M063,11.14
SAPUTRA,M064,11.14
SAPUTRA,M065,10.14
SAPUTRA,M066,11.41
SAPUTRA,M067,11.41
SAPUTRA,M069,8.14
SAPUTRA,M070,8.14
SAPUTRA,P603,1.15
SAPUTRA,P605,1.15
SAPUTRA,P607,1.15
SAPUTRA,P613A,1.85
SAPUTRA,P613B,1.85
SAPUTRA,P613C,1.85
SAPUTRA,P632,14.5
SAPUTRA,P788,11.95
SAPUTRA,P915,9.95
SAPUTRA,SB19A,0.65
SAPUTRA,SB25AA,0.99
SAPUTRA,SB25AC,0.99
SAPUTRA,SB25AF,0.99
SAPUTRA,SB25BM,0.99
SAPUTRA,SB25DP,0.99
SAPUTRA,SB25GL,0.99
SAPUTRA,SB25L,0.99
SAPUTRA,SB25M,0.99
SAPUTRA,SB25N,0.99
SAPUTRA,SB25P,0.99
SAPUTRA,SB25R,0.99
SAPUTRA,SB25S,0.99
SAPUTRA,SB25SK,0.99
SAPUTRA,SB25T,0.65
SAPUTRA,SB25Y,0.99
SAPUTRA,SB32AA,0.99
SAPUTRA,SB32AC,0.99
SAPUTRA,SB32AD,0.99
SAPUTRA,SB32AE,0.65
SAPUTRA,SB32AF,0.99
SAPUTRA,SB32AL,0.99
SAPUTRA,SB32B,0.99
SAPUTRA,SB32BM,0.99
SAPUTRA,SB32D,0.99
SAPUTRA,SB32DP,0.99
SAPUTRA,SB32E,0.99
SAPUTRA,SB32F,0.99
SAPUTRA,SB32GL,0.99
SAPUTRA,SB32H,0.99
SAPUTRA,SB32I,0.99
SAPUTRA,SB32J,0.65
SAPUTRA,SB32K,0.99
SAPUTRA,SB32L,0.99
SAPUTRA,SB32MK,0.99
SAPUTRA,SB32SK,0.99
SAPUTRA,SB38A,0.65
SAPUTRA,SB38AA,0.99
SAPUTRA,SB38AC,0.99
SAPUTRA,SB38AD,0.99
SAPUTRA,SB38AE,0.65
SAPUTRA,SB38AF,0.99
SAPUTRA,SB38AL,0.99
SAPUTRA,SB38B,0.99
SAPUTRA,SB38BM,0.99
SAPUTRA,SB38C,0.99
SAPUTRA,SB38DP,0.99
SAPUTRA,SB38GL,0.99
SAPUTRA,SB38MK,0.99
SAPUTRA,SB38SK,0.99
SAPUTRA,SB44C,0.65
SAPUTRA,SB44D,0.99
SAPUTRA,SB5176,1.1
SAPUTRA,SB51AA,0.99
SAPUTRA,SB51AC,0.99
SAPUTRA,SB51AD,0.99
SAPUTRA,SB51AE,0.65
SAPUTRA,SB51AF,0.99
SAPUTRA,SB51AL,0.99
SAPUTRA,SB51BM,0.99
SAPUTRA,SB51DP,0.99
SAPUTRA,SB51GL,0.99
SAPUTRA,SB51K,0.99
SAPUTRA,SB51MK,0.99
SAPUTRA,SB51SK,0.99
SAPUTRA,SB76102,1.9
SAPUTRA,SB76A,1.5
SAPUTRA,TECJ3006,5.95
SAPUTRA,TJJ3001,5.95
SAPUTRA,TJJ3002,5.95
SAPUTRA,TJJ3003,5.95
SAPUTRA,TJJ3004,5.95
SAPUTRA,TRJ1001,1.5
SAPUTRA,TRJ1002,1.5
SAPUTRA,TRJ1003,1.5
SAPUTRA,TRJ1004,1.5
SAPUTRA,TRJ1005,1.5
SAPUTRA,TRJ1009,1.5
SAPUTRA,TRJ3001,4.5
SAPUTRA,TRJ3002,4.5
SAPUTRA,TRJ3003,4.5
SAPUTRA,TRJ3004,4.5
SAPUTRA,TRJ3005,4.5
SAPUTRA,TRJ3006,4.5
SAPUTRA,TRJ3007,4.5
SAPUTRA,TRJ3008,4.5
SAPUTRA,TRJ3009,4.5
SAPUTRA,TRJ3010,4.5
SAPUTRA,TRJ3011,4.5
SAPUTRA,TRJ3012,1.5
SAPUTRA,TRJ3013,4.5
SAPUTRA,TRJ3014,4.5
SAPUTRA,TRJ3015,4.5
SAPUTRA,TRJ3016,4.5
SAPUTRA,TRJ3017,4.5
SAPUTRA,TRJ3018,4.5
SAPUTRA,TRJ3019,4.5
SAPUTRA,TS56100,25
SAPUTRA,TS5650,18
SAPUTRA,TSK1N,4.5
SAPUTRA,TVP09N,14.95
SAPUTRA,TVP10,35
SAPUTRA,TVP19,17.95
SAPUTRA,WD121,14.95
SAPUTRA,WD145N,19.95
SAPUTRA,WD148,12.95
SAPUTRA,WD159N,22.5
SAPUTRA,WD162,14.95
SAPUTRA,WD163,14.95
SAPUTRA,WD164,14.95
SAPUTRA,WD165,19.95
SAPUTRA,WD167,18
SAPUTRA,WD167N,25
SAPUTRA,WD169A,19.95
SAPUTRA,WD169D,19.95
SAPUTRA,WD171,9
SAPUTRA,WD173,14.95
SAPUTRA,WD178,19.95
SAPUTRA,WD179,19.95
SAPUTRA,WD180,19.95
SAPUTRA,WD181,19.95
SAPUTRA,WD-80,7
SAPUTRA,Y01FC,0.14
SAPUTRA,Y03C,0.22
SAPUTRA,Y142,0.33
SAPUTRA,Y148,0.6
SAPUTRA,Y157C,0.6
SAPUTRA,Y159C,0.9
SAPUTRA,Y160C,0.9
SAPUTRA,Y172,0.45
SAPUTRA,Y174,0.45
SAPUTRA,Y176,0.45
SAPUTRA,Y180,1.5
SAPUTRA,Y182,0.9
SAPUTRA,Y183,0.9
SAPUTRA,Y184,0.9
SAPUTRA,Y185,0.45
SAPUTRA,Y186,0.45
SAPUTRA,Y44,0.99
SAPUTRA,ZY10,0.75
SAPUTRA,P932,14.5
SIAPTYLTD,TSP001,3.95
SIAPTYLTD,TSP001B,3.95
SIAPTYLTD,C9083,3.95
SIAPTYLTD,C9018,2.5
SIAPTYLTD,Y44,0.9
SIAPTYLTD,LC05,1.5
SIAPTYLTD,C8952,3.5
SIAPTYLTD,CIG436,2.95
SIAPTYLTD,CIG445,2.5
SIAPTYLTD,Y159C,0.9
SIAPTYLTD,Y157C,0.69
SILSOL,TSP001,3.5
SILSOL,TSP001B,3.5
SILSOL,LC04,1.8
SILSOL,LC05,1.8
SILSOL,LC15,1.8
SILSOL,LC16,1.8
SILSOL,Y03C,0.25
SILSOL,Y149,0.31
SILSOL,Y142,0.39
SILSOL,y94,1.5
SILSOL,Y157C,0.69
SILSOL,Y162C,0.49
SILSOL,Y194,0.79
SILSOL,Y185,0.55
SILSOL,Y190,0.55
SILSOL,Y121,1.25
SILSOL,Y108,1.25
SILSOL,LLLARGE,1.8
SILSOL,LLSMALL,1.8
SILSOL,ZY10,0.99
SILSOL,C9101,2.25
SILSOL,C9071,2.5
SILSOL,C9118,2.5
SILSOL,C9066,1.5
SILSOL,ASH097,1.5
SILSOL,ASH082,1.5
SILSOL,ASH083,1.5
SILSOL,ASH153,1.5
SILSOL,M006,2.25
SILSOL,M004,2.25
SINDHIZ,3G119,34.49
SINDHIZ,3G120,34.49
SINDHIZ,3G127,41.49
SINDHIZ,3G128,41.49
SINDHIZ,3G146,27.49
SINDHIZ,3G147,27.49
SINDHIZ,3G161,22.49
SINDHIZ,3G162,22.49
SINDHIZ,3G163,22.49
SINDHIZ,3G164,22.49
SINDHIZ,3G194,34.49
SINDHIZ,3G195,34.49
SINDHIZ,3G196,41.49
SINDHIZ,3G197,41.49
SINDHIZ,3G200,41.49
SINDHIZ,3G202,41.49
SINDHIZ,3G208,41.49
SINDHIZ,3G210,41.49
SINDHIZ,ASH004,3.89
SINDHIZ,ASH006,4.49
SINDHIZ,ASH025,2.19
SINDHIZ,ASH035,2.49
SINDHIZ,ASH046,4.49
SINDHIZ,ASH049,2.49
SINDHIZ,ASH069,2.49
SINDHIZ,ASH071,2.49
SINDHIZ,ASH079,5.69
SINDHIZ,ASH080,1.09
SINDHIZ,ASH081,1.69
SINDHIZ,ASH082,1.29
SINDHIZ,ASH083,1.49
SINDHIZ,ASH097,1.49
SINDHIZ,ASH098,1.29
SINDHIZ,ASH107,1.39
SINDHIZ,ASH109,4.5
SINDHIZ,ASH110,6.89
SINDHIZ,ASH111,5.5
SINDHIZ,ASH112,5.5
SINDHIZ,ASH113,5.5
SINDHIZ,ASH114,5.5
SINDHIZ,ASH116,5.5
SINDHIZ,ASH119,1.59
SINDHIZ,ASH134,2.49
SINDHIZ,ASH135,2.49
SINDHIZ,ASH139,2.49
SINDHIZ,ASH144,2.49
SINDHIZ,ASH146,2.49
SINDHIZ,ASH147,2.49
SINDHIZ,ASH149,2.49
SINDHIZ,ASH150,2.49
SINDHIZ,ASH152,2.49
SINDHIZ,ASH153,1.49
SINDHIZ,ASH154,1.89
SINDHIZ,ASH156,6.89
SINDHIZ,ASH157,6.89
SINDHIZ,ASH158,8.69
SINDHIZ,ASH159,8.69
SINDHIZ,ASH163,8.69
SINDHIZ,ASH164,8.69
SINDHIZ,ASH165,9.89
SINDHIZ,ASH166,8.69
SINDHIZ,BL007N,19.49
SINDHIZ,BLUE018,24.49
SINDHIZ,BLUE031,22.49
SINDHIZ,BLUE032,23.49
SINDHIZ,C1001,5.89
SINDHIZ,C1003,5.89
SINDHIZ,C8866,9.95
SINDHIZ,C8948,2.59
SINDHIZ,C8952,2.49
SINDHIZ,C9010,7.95
SINDHIZ,C9039,16.95
SINDHIZ,C9039,12.95
SINDHIZ,C9066,1.39
SINDHIZ,C9071,2.5
SINDHIZ,C9080,9.95
SINDHIZ,C9082,9.95
SINDHIZ,C9092,16.95
SINDHIZ,C9109,16.95
SINDHIZ,C9113,8.89
SINDHIZ,C9114,12.17
SINDHIZ,C9115,17.2
SINDHIZ,C9118,2.5
SINDHIZ,C9129,15.95
SINDHIZ,C9132,14.14
SINDHIZ,C9163,5.89
SINDHIZ,C9164,5.89
SINDHIZ,C9173,3.89
SINDHIZ,C9190,15.95
SINDHIZ,C9191,15.95
SINDHIZ,C9194,15.95
SINDHIZ,C9195,3.19
SINDHIZ,C9196,3.19
SINDHIZ,C9197,3.19
SINDHIZ,C9202,3.89
SINDHIZ,C9203,3.89
SINDHIZ,C9204,3.89
SINDHIZ,C9205,3.89
SINDHIZ,C9206,3.89
SINDHIZ,C9208,3.21
SINDHIZ,C9209,3.21
SINDHIZ,C9210,3.21
SINDHIZ,C9211,3.21
SINDHIZ,C9218,3.19
SINDHIZ,C9219,3.19
SINDHIZ,CIG146N,3.49
SINDHIZ,CIG231,1.99
SINDHIZ,CIG304,2.19
SINDHIZ,CIG398,10.89
SINDHIZ,CIG401N,3.49
SINDHIZ,CIG437,4.49
SINDHIZ,CIG438,3.69
SINDHIZ,CIG442,3.25
SINDHIZ,CIG445,3.89
SINDHIZ,CIG446,3.69
SINDHIZ,CIG447,3.89
SINDHIZ,CIG450,4.69
SINDHIZ,CIG451,4.49
SINDHIZ,CIG454,4.5
SINDHIZ,CIG455,7.89
SINDHIZ,CIG466,7.49
SINDHIZ,CIG467,7.49
SINDHIZ,CIG468,4.69
SINDHIZ,CIG469,4.49
SINDHIZ,CIG471,4.89
SINDHIZ,CIG479,7.69
SINDHIZ,CIG480,7.69
SINDHIZ,CIG485,4.69
SINDHIZ,CIG486,4.69
SINDHIZ,CIG487,4.69
SINDHIZ,CIG488,4.69
SINDHIZ,CIG489,4.69
SINDHIZ,DS01,24.95
SINDHIZ,DS02,29.95
SINDHIZ,F710C2,5.95
SINDHIZ,FP35,23.89
SINDHIZ,FP36,18.85
SINDHIZ,FP41,17.89
SINDHIZ,FP44,17.89
SINDHIZ,FP49,17.89
SINDHIZ,FP50,17.89
SINDHIZ,FP51,17.89
SINDHIZ,FP52,17.89
SINDHIZ,FP58,44.89
SINDHIZ,FP59,5.89
SINDHIZ,FP59,26.89
SINDHIZ,G107P,19.49
SINDHIZ,G1099,24.49
SINDHIZ,G1099GP,24.49
SINDHIZ,G1134,11.49
SINDHIZ,G1136N,16.49
SINDHIZ,G1147,16.49
SINDHIZ,G1154,14.49
SINDHIZ,G1155,15.49
SINDHIZ,G1157,12.49
SINDHIZ,G1170,15.49
SINDHIZ,G1171,24.49
SINDHIZ,G1172,16.49
SINDHIZ,G1174,15.49
SINDHIZ,G1212,11.49
SINDHIZ,G1218,15.49
SINDHIZ,G1241,15.49
SINDHIZ,G1259,15.49
SINDHIZ,G1262,11.49
SINDHIZ,G1263,11.49
SINDHIZ,G1313,15.49
SINDHIZ,G142,10.49
SINDHIZ,G144,12.49
SINDHIZ,G144GP,21.49
SINDHIZ,G153,11.49
SINDHIZ,G166L,7.49
SINDHIZ,G172,14.49
SINDHIZ,G190B,11.49
SINDHIZ,G201,14.49
SINDHIZ,G819L,9.49
SINDHIZ,GP6015,9.89
SINDHIZ,GP6016,9.49
SINDHIZ,GP6029,15.49
SINDHIZ,GP6030,9.49
SINDHIZ,LC04,1.55
SINDHIZ,LC05,1.55
SINDHIZ,LC15,1.55
SINDHIZ,LC16,1.55
SINDHIZ,LGP593,15.6
SINDHIZ,LGP596,15.6
SINDHIZ,LGP597,15.6
SINDHIZ,LGP620,19.95
SINDHIZ,LGP624,6.95
SINDHIZ,LGP625,8.95
SINDHIZ,LGP631,26.87
SINDHIZ,LGP632,26.87
SINDHIZ,LGP633,26.87
SINDHIZ,LGP635,15.54
SINDHIZ,LGP636,15.54
SINDHIZ,LGP642,15.54
SINDHIZ,LGP643,15.54
SINDHIZ,LGP644,8.95
SINDHIZ,LGP672,9.95
SINDHIZ,LGP682,9.95
SINDHIZ,LGP719,9.95
SINDHIZ,LGP730,9.95
SINDHIZ,LGP8597M,9.95
SINDHIZ,LGP8911,9.95
SINDHIZ,LGP8913,9.95
SINDHIZ,LGP8929,9.95
SINDHIZ,LLLARGE,1.5
SINDHIZ,M005,4.956
SINDHIZ,M006,2.5
SINDHIZ,M007,6.89
SINDHIZ,M009,6.49
SINDHIZ,M028,6.89
SINDHIZ,M032,8.69
SINDHIZ,M033,7.5
SINDHIZ,M034,11.89
SINDHIZ,M035,14.49
SINDHIZ,M036,11.49
SINDHIZ,M040,12.89
SINDHIZ,M042,9.89
SINDHIZ,M050,6.89
SINDHIZ,M056,6.89
SINDHIZ,M059,8.69
SINDHIZ,M060,8.69
SINDHIZ,M063,9.49
SINDHIZ,M064,9.49
SINDHIZ,M065,9.49
SINDHIZ,M066,9.89
SINDHIZ,M067,9.89
SINDHIZ,M068,6.89
SINDHIZ,M069,6.89
SINDHIZ,M071,9.49
SINDHIZ,M072,14.49
SINDHIZ,M073,6.89
SINDHIZ,M074,6.89
SINDHIZ,M076,6.89
SINDHIZ,M077,6.89
SINDHIZ,M078,6.89
SINDHIZ,M079,6.89
SINDHIZ,M081,6.49
SINDHIZ,M082,6.49
SINDHIZ,M083,6.49
SINDHIZ,M085,6.49
SINDHIZ,M086,6.49
SINDHIZ,M088,6.49
SINDHIZ,M089,6.49
SINDHIZ,M091,6.49
SINDHIZ,MM-1,3.49
SINDHIZ,MM-3,7.89
SINDHIZ,MM-4,10.89
SINDHIZ,MPC23,3.89
SINDHIZ,MPC29,6.49
SINDHIZ,MPC31,3.39
SINDHIZ,MPC32,3.39
SINDHIZ,MPC33,3.39
SINDHIZ,MPC34,4.89
SINDHIZ,MPC35,4.89
SINDHIZ,MPC36,4.89
SINDHIZ,MPC44,7.49
SINDHIZ,MPC45,1.89
SINDHIZ,MPC47,3.89
SINDHIZ,MPC48,3.89
SINDHIZ,P603,1.4
SINDHIZ,P605,1.4
SINDHIZ,P607,1.4
SINDHIZ,P613A,2.5
SINDHIZ,P613B,2.5
SINDHIZ,P613C,2.5
SINDHIZ,P630,2.95
SINDHIZ,P631,2.95
SINDHIZ,P632,2.95
SINDHIZ,P640A,3.25
SINDHIZ,P788,9.89
SINDHIZ,P912L,4.95
SINDHIZ,P914,3.95
SINDHIZ,P915,7.89
SINDHIZ,P919,7.95
SINDHIZ,P925,20.95
SINDHIZ,P932,12.89
SINDHIZ,P988,8.89
SINDHIZ,P989,8.89
SINDHIZ,PC01,2.5
SINDHIZ,SA434,25.49
SINDHIZ,SA435,25.49
SINDHIZ,SA436,25.49
SINDHIZ,SA437,25.49
SINDHIZ,SA438,25.49
SINDHIZ,SA439,25.49
SINDHIZ,SA571,34.49
SINDHIZ,SA586,24.49
SINDHIZ,SA591,24.49
SINDHIZ,SA596,59.49
SINDHIZ,SA615,44.49
SINDHIZ,SA649,44.49
SINDHIZ,SA651,59.49
SINDHIZ,SA666,34.49
SINDHIZ,SA668,59.49
SINDHIZ,SA671,29.49
SINDHIZ,SA698,24.49
SINDHIZ,SA719,34.49
SINDHIZ,SA737,59.49
SINDHIZ,SB25T,0.49
SINDHIZ,SB32J,0.49
SINDHIZ,SB3851,0.69
SINDHIZ,SB38A,0.59
SINDHIZ,SB5176,1.09
SINDHIZ,SB51E,0.79
SINDHIZ,SB76102,1.69
SINDHIZ,SB76A,1.49
SINDHIZ,SC10,0.79
SINDHIZ,T1048L,2.95
SINDHIZ,T1048S,2.95
SINDHIZ,T1049,16.95
SINDHIZ,T1050,3.5
SINDHIZ,T1050S,3.5
SINDHIZ,T1075,5.49
SINDHIZ,T1076,4.49
SINDHIZ,T1078,5.49
SINDHIZ,T1079,3.5
SINDHIZ,T1080,3.5
SINDHIZ,T1723,0.7
SINDHIZ,T314,1.35
SINDHIZ,T724,0.49
SINDHIZ,T725,0.99
SINDHIZ,T726,1.39
SINDHIZ,T736B,0.39
SINDHIZ,T740,11.49
SINDHIZ,T883,3.95
SINDHIZ,T884,3.95
SINDHIZ,T901,3.5
SINDHIZ,T940,2.95
SINDHIZ,T952,3.5
SINDHIZ,T974,0.99
SINDHIZ,T975,1.19
SINDHIZ,T992,0.89
SINDHIZ,T993,1.29
SINDHIZ,TS-56N,18.89
SINDHIZ,TSK1N,5.49
SINDHIZ,WD150,39.89
SINDHIZ,WD159N,27.89
SINDHIZ,WD167,17.89
SINDHIZ,WD170,10.89
SINDHIZ,WD171,8.89
SINDHIZ,WD172,9.89
SINDHIZ,WD173,19.89
SINDHIZ,WD174,21.89
SINDHIZ,WD-80,7.89
SINDHIZ,Y149,0.24
SINDHIZ,Y157C,0.69
SINDHIZ,Y162C,0.49
SINDHIZ,Y180,1.49
SINDHIZ,Y181,1.49
SINDHIZ,Y185,0.49
SINDHIZ,Y188,0.49
SINDHIZ,Y190,0.49
SINDHIZ,Y191,0.79
SINDHIZ,Y194,0.79
SINDHIZ,ZY10,0.99
SINDHIZ,ZY9,3.95
SMADOL,C9246,3.5
SMADOL,C8990N,2.95
SMADOL,C9101,2.95
SMADOL,C9118,2.92
SMADOL,C9211,3.41
SMADOL,C9210,3.41
SMADOL,C9208,3.43
SMADOL,C9071,2.95
SMADOL,Y148,0.69
SMADOL,Y157C,0.69
SMADOL,Y171,0.49
SMADOL,Y182,0.9
SMADOL,Y195,0.9
SMADOL,Y196,0.9
SMADOL,Y185,0.49
SMADOL,Y171,0.49
SMADOL,Y187,0.49
SMADOL,ZY10,0.99
SMADOL,C8948,3.5
SMADOL,C8952,3.5
SMADOL,C9022,5.5
SMADOL,C9250,5.5
SMADOL,C9251,5.5
SMADOL,C9252,5.5
SMADOL,C8987,5.5
SMADOL,C9196,5.5
SMADOL,C9197,5.5
SMADOL,C9195,5.5
SMADOL,C9119,3.46
SMADOL,M005,4.95
SMADOL,M033,6
SMADOL,SB25T,0.5
SMADOL,SB32J,0.5
SMADOL,SB38A,0.5
SMADOL,SB51E,0.5
SMADOL,WD-80,8
SMADOL,MPC32,2.5
SMADOL,MPC34,3.95
SMADOL,TRJ3002,3.5
SMADOL,TRJ3003,3.5
SMADOL,TRJ3004,3.5
SMADOL,TRJ3005,3.5
SMADOL,TRJ3006,3.5
SMADOL,TRJ3007,3.5
SMADOL,TRJ3008,3.5
SMADOL,TRJ3009,3.5
SMADOL,TRJ3010,3.5
SMADOL,TRJ3011,3.5
SMADOL,TRJ3013,3.5
SMADOL,TRJ3014,3.5
SMADOL,TRJ3015,3.5
SMADOL,TRJ3016,3.5
SMADOL,TRJ3017,3.5
SMADOL,TRJ3018,3.5
SMOKEMART,ASH068,2.25
SMOKEMART,ASH069,2.25
SMOKEMART,ASH071,2.25
SMOKEMART,ASH080,0.85
SMOKEMART,ASH081,1.1
SMOKEMART,ASH083,0.89
SMOKEMART,ASH097,1.09
SMOKEMART,C8948,3.5
SMOKEMART,C8952,3.95
SMOKEMART,C8957,2.25
SMOKEMART,C8987,3.95
SMOKEMART,C8990N,2.75
SMOKEMART,C9012,2.75
SMOKEMART,C9018,2.5
SMOKEMART,C9023,3.5
SMOKEMART,C9058,4.5
SMOKEMART,C9066,1.45
SMOKEMART,C9071,2.75
SMOKEMART,C9100,2.95
SMOKEMART,C9116,6.87
SMOKEMART,C9118,2.95
SMOKEMART,C9119,3
SMOKEMART,C9126,3.29
SMOKEMART,C9128,3.2
SMOKEMART,C9149,3.2
SMOKEMART,C9153,3.2
SMOKEMART,C9155,4.95
SMOKEMART,C9163,7.23
SMOKEMART,C9165,7.23
SMOKEMART,CIG113SM,1.59
SMOKEMART,CIG146N,3.5
SMOKEMART,CIG245,10.5
SMOKEMART,CIG350,1.59
SMOKEMART,CIG410,6.95
SMOKEMART,CIG416,4.95
SMOKEMART,ECJ015P,1.5
SMOKEMART,ECJ021P,1.5
SMOKEMART,ECJ103P,5.5
SMOKEMART,ECJ104P,5.5
SMOKEMART,ECJB02,0.9
SMOKEMART,EY-23,40.7
SMOKEMART,EY-24,48.12
SMOKEMART,H50 DOUBLE APPLE,3.95
SMOKEMART,LC05,1.5
SMOKEMART,LC07,1.5
SMOKEMART,LC15,1.5
SMOKEMART,LC18,1.5
SMOKEMART,LLLARGE,1.15
SMOKEMART,M001,13.95
SMOKEMART,M004,2.25
SMOKEMART,M005,5.5
SMOKEMART,M006,2.95
SMOKEMART,M021,6.95
SMOKEMART,M028,12.5
SMOKEMART,M032,8.95
SMOKEMART,M040,14.95
SMOKEMART,M050,7.15
SMOKEMART,P605,1.35
SMOKEMART,P613A,1.85
SMOKEMART,P613C,1.85
SMOKEMART,P632,2.85
SMOKEMART,P757,3.95
SMOKEMART,P915,9.95
SMOKEMART,P932,14.5
SMOKEMART,PC01,1.7
SMOKEMART,SB25T,0.65
SMOKEMART,SB3851,0.65
SMOKEMART,SB38A,0.65
SMOKEMART,SB51E,0.87
SMOKEMART,TS-56,25
SMOKEMART,TS56100,25
SMOKEMART,TS5650,18
SMOKEMART,TS-57,25
SMOKEMART,TSK1,4.95
SMOKEMART,TSK1N,4.95
SMOKEMART,WD121,12.5
SMOKEMART,WD145N,25
SMOKEMART,WD148,10.95
SMOKEMART,WD150,45
SMOKEMART,WD153,25
SMOKEMART,WD158,14.95
SMOKEMART,WD170,9.95
SMOKEMART,WD171,10.95
SMOKEMART,WD-80,6
SMOKEMART,Y01FC,0.15
SMOKEMART,Y108,2.75
SMOKEMART,Y109,1.5
SMOKEMART,Y121,1.5
SMOKEMART,Y149,0.27
SMOKEMART,Y154C,0.31
SMOKEMART,Y157C,0.63
SMOKEMART,Y160C,0.9
SMOKEMART,Y166,0.9
SMOKEMART,Y170,0.49
SMOKEMART,Y171,0.49
SMOKEMART,Y172,0.49
SMOKEMART,Y184,0.87
SMOKEMART,Y44,1.39
SPARECHANG,THONGMIX,1.5
SPARECHANG,CAS6,0.29
SPARECHANG,CAS7,0.29
SPARECHANG,TSP001,3.95
SPARECHANG,TSP001B,3
SPARECHANG,C8064,2.5
SPARECHANG,C8955,0.9
SPARECHANG,C8801,2.5
SPARECHANG,Y106,0.69
SPARECHANG,Y105,0.69
SPARECHANG,Y132,0.69
SPARECHANG,Y134,0.69
SPARECHANG,Y81N,0.69
SPARECHANG,Y135,0.69
SPARECHANG,Y140,0.39
SPARECHANG,Y141,0.39
SPARECHANG,Y90N,3.2
SPARECHANG,Y44,0.99
SPARECHANG,Y143,0.13
SPARECHANG,ZY5,1.4
SPARECHANG,C8952,4.95
SPARECHANG,C8986,4.95
SPARECHANG,P605,1.85
SPARECHANG,P603,1.85
SPARECHANG,C607,1.85
SPARECHANG,T744,1.95
SPARECHANG,CIG231,1.9
SPARECHANG,WD-80,8
SPARECHANG,FLS59,2.5
SPARECHANG,ECJ024P,1.85
SYDENHAM,C1000,5.89
SYDENHAM,C1001,5.89
SYDENHAM,C9209,3.21
SYDENHAM,C9208,3.21
SYDENHAM,C9210,3.21
SYDENHAM,C9211,3.21
SYDENHAM,C9173,3.89
SYDENHAM,C9202,3.89
SYDENHAM,C9204,3.89
SYDENHAM,C9203,3.89
SYDENHAM,C9205,3.89
SYDENHAM,C9206,3.89
SYDENHAM,C9118,2.5
SYDENHAM,C9071,2.5
SYDENHAM,C9066,1.39
SYDENHAM,C9247,3.5
SYDENHAM,C9259,5.89
SYDENHAM,C9260,5.89
SYDENHAM,C9246,3.5
SYDENHAM,C8666,3.95
SYDENHAM,C8669,3.95
SYDENHAM,C8672,3.95
SYDENHAM,C8685,3.95
SYDENHAM,Y157C,0.69
SYDENHAM,Y149,0.24
SYDENHAM,Y162C,0.49
SYDENHAM,Y180,1.49
SYDENHAM,Y181,1.49
SYDENHAM,Y185,0.49
SYDENHAM,Y188,0.49
SYDENHAM,Y191,0.79
SYDENHAM,Y194,0.79
SYDENHAM,LLLARGE,1.5
SYDENHAM,LC04,1.55
SYDENHAM,LC05,1.55
SYDENHAM,LC15,1.55
SYDENHAM,LC16,1.55
SYDENHAM,ZY9,3.95
SYDENHAM,ZY10,0.99
SYDENHAM,LGP624,6.95
SYDENHAM,LGP625,6.95
SYDENHAM,LGP631,19.95
SYDENHAM,LGP632,19.95
SYDENHAM,LGP633,19.95
SYDENHAM,LGP635,12.95
SYDENHAM,LGP636,12.95
SYDENHAM,LGP593,15.6
SYDENHAM,LGP596,15.6
SYDENHAM,LGP597,15.6
SYDENHAM,LGP620,19.95
SYDENHAM,LGP621,19.95
SYDENHAM,LGP642,19.95
SYDENHAM,LGP643,19.95
SYDENHAM,LGP655,9.95
SYDENHAM,LGP657,9.95
SYDENHAM,LGP658,9.95
SYDENHAM,LGP672,9.95
SYDENHAM,LGP682,9.95
SYDENHAM,LGP690,9.95
SYDENHAM,LGP715,9.95
SYDENHAM,LGP719,9.95
SYDENHAM,LGP721,9.95
SYDENHAM,LGP722,9.95
SYDENHAM,LGP723,9.95
SYDENHAM,LGP725,9.95
SYDENHAM,LGP727,9.95
SYDENHAM,LGP728,9.95
SYDENHAM,LGP730,9.95
SYDENHAM,LGP8597M,9.95
SYDENHAM,LGP8911,9.95
SYDENHAM,LGP8913,9.95
SYDENHAM,LGP8929,9.95
SYDENHAM,C8791,4.95
SYDENHAM,C8887,4.5
SYDENHAM,C8907,6.95
SYDENHAM,C8910,6.95
SYDENHAM,C8911,6.95
SYDENHAM,C8951,6.95
SYDENHAM,C8952,2.49
SYDENHAM,C8948,2.59
SYDENHAM,C9010,7.95
SYDENHAM,C9113,8.89
SYDENHAM,C9164,5.89
SYDENHAM,C9163,5.89
SYDENHAM,C9195,3.19
SYDENHAM,C9196,3.19
SYDENHAM,C9197,3.19
SYDENHAM,C9218,3.19
SYDENHAM,C9219,3.19
SYDENHAM,C9082,7.95
SYDENHAM,C9114,9.95
SYDENHAM,C9109,14.95
SYDENHAM,C9115,13.5
SYDENHAM,C9132,11.95
SYDENHAM,C9039,12.95
SYDENHAM,C8866,9.95
SYDENHAM,C9080,9.95
SYDENHAM,C9129,15.95
SYDENHAM,C9190,15.95
SYDENHAM,C9191,15.95
SYDENHAM,C9194,15.95
SYDENHAM,P605,1.4
SYDENHAM,P613A,2.5
SYDENHAM,P613B,2.5
SYDENHAM,P613C,2.5
SYDENHAM,P632,2.95
SYDENHAM,P631,2.95
SYDENHAM,P630,2.95
SYDENHAM,P640A,3.25
SYDENHAM,P912L,4.95
SYDENHAM,P988,8.89
SYDENHAM,P989,8.89
SYDENHAM,P914,3.95
SYDENHAM,P919,7.95
SYDENHAM,GP6015,9.89
SYDENHAM,GP6016,9.49
SYDENHAM,P603,1.4
SYDENHAM,P607,1.4
SYDENHAM,M006,2.5
SYDENHAM,M005,4.95
SYDENHAM,M007,6.25
SYDENHAM,M009,6.25
SYDENHAM,M021,10.95
SYDENHAM,M032,7.95
SYDENHAM,M033,7.5
SYDENHAM,M034,8.95
SYDENHAM,M035,12.95
SYDENHAM,M036,9.95
SYDENHAM,M040,10.95
SYDENHAM,M042,9.95
SYDENHAM,M050,5.95
SYDENHAM,M056,5.95
SYDENHAM,M059,7.95
SYDENHAM,M060,7.95
SYDENHAM,M063,8.95
SYDENHAM,M064,8.95
SYDENHAM,M065,8.95
SYDENHAM,M066,8.95
SYDENHAM,M067,8.95
SYDENHAM,M068,5.95
SYDENHAM,M069,5.95
SYDENHAM,M071,8.95
SYDENHAM,M072,13.95
SYDENHAM,M073,5.95
SYDENHAM,M076,5.95
SYDENHAM,M077,5.95
SYDENHAM,M078,5.95
SYDENHAM,M079,5.95
SYDENHAM,M074,5.95
SYDENHAM,M081,5.95
SYDENHAM,M082,5.95
SYDENHAM,M083,5.95
SYDENHAM,M085,5.95
SYDENHAM,M086,5.95
SYDENHAM,M088,5.95
SYDENHAM,M089,5.95
SYDENHAM,M091,5.95
SYDENHAM,MM-1,3.49
SYDENHAM,MM-3,7.89
SYDENHAM,MM-4,9.95
SYDENHAM,M028,10.95
SYDENHAM,ASH004,3.89
SYDENHAM,ASH006,4.49
SYDENHAM,ASH025,2.19
SYDENHAM,ASH035,2.49
SYDENHAM,ASH069,2.49
SYDENHAM,ASH134,2.49
SYDENHAM,ASH135,2.49
SYDENHAM,ASH139,2.49
SYDENHAM,ASH144,2.49
SYDENHAM,ASH146,2.49
SYDENHAM,ASH147,2.49
SYDENHAM,ASH149,2.49
SYDENHAM,ASH150,2.49
SYDENHAM,ASH152,2.49
SYDENHAM,ASH080,1.09
SYDENHAM,ASH081,1.69
SYDENHAM,ASH083,1.49
SYDENHAM,ASH119,1.59
SYDENHAM,ASH109,4.5
SYDENHAM,ASH082,1.29
SYDENHAM,ASH097,1.49
SYDENHAM,ASH098,1.29
SYDENHAM,ASH107,1.39
SYDENHAM,ASH153,1.49
SYDENHAM,ASH154,1.89
SYDENHAM,ASH079,5.69
SYDENHAM,ASH110,6.89
SYDENHAM,ASH111,5.5
SYDENHAM,ASH112,5.5
SYDENHAM,ASH113,5.5
SYDENHAM,ASH116,5.5
SYDENHAM,ASH156,6.89
SYDENHAM,ASH157,6.89
SYDENHAM,ASH158,8.69
SYDENHAM,ASH159,8.69
SYDENHAM,ASH163,8.69
SYDENHAM,ASH164,8.69
SYDENHAM,ASH165,9.89
SYDENHAM,ASH166,8.69
SYDENHAM,CIG485,3.95
SYDENHAM,CIG486,3.95
SYDENHAM,CIG487,3.95
SYDENHAM,CIG488,3.95
SYDENHAM,CIG489,3.95
SYDENHAM,CIG398,3.95
SYDENHAM,CIG442,3.25
SYDENHAM,CIG445,3.89
SYDENHAM,CIG446,3.69
SYDENHAM,CIG447,3.89
SYDENHAM,CIG450,3.69
SYDENHAM,CIG451,3.69
SYDENHAM,CIG454,3.69
SYDENHAM,CIG455,7.95
SYDENHAM,CIG466,5.95
SYDENHAM,CIG467,4.95
SYDENHAM,CIG468,3.95
SYDENHAM,CIG469,3.95
SYDENHAM,CIG471,3.95
SYDENHAM,CIG479,5.25
SYDENHAM,CIG480,5.25
SYDENHAM,ASH049,2.49
SYDENHAM,ASH046,4.49
SYDENHAM,SB25T,0.49
SYDENHAM,SB32J,0.49
SYDENHAM,SB38A,0.59
SYDENHAM,SB3851,0.69
SYDENHAM,SB51E,0.79
SYDENHAM,SB5176,1.09
SYDENHAM,SB76A,1.49
SYDENHAM,SB76102,1.69
SYDENHAM,CIG146N,3.49
SYDENHAM,CIG437,4.49
SYDENHAM,CIG438,3.69
SYDENHAM,CIG231,1.99
SYDENHAM,CIG304,2.19
SYDENHAM,DS01,14.95
SYDENHAM,DS02,19.95
SYDENHAM,PC01,2.5
SYDENHAM,FP35,23.89
SYDENHAM,FP36,18.85
SYDENHAM,FP58,44.89
SYDENHAM,FP59,26.89
SYDENHAM,F710C2,5.95
SYDENHAM,T1076,4.49
SYDENHAM,T1078,5.49
SYDENHAM,SC10,0.79
SYDENHAM,T314,1.35
SYDENHAM,FP52,17.89
SYDENHAM,FP51,17.89
SYDENHAM,FP50,17.89
SYDENHAM,FP49,17.89
SYDENHAM,FP48,17.89
SYDENHAM,FP44,17.89
SYDENHAM,P932,12.89
SYDENHAM,P788,9.89
SYDENHAM,P915,7.89
SYDENHAM,WD159N,27.89
SYDENHAM,TS-56N,18.89
SYDENHAM,WD170,10.89
SYDENHAM,WD148,4.95
SYDENHAM,WD167,17.89
SYDENHAM,WD171,8.89
SYDENHAM,WD172,9.89
SYDENHAM,WD173,19.89
SYDENHAM,WD174,21.89
SYDENHAM,WD150,39.89
SYDENHAM,WD-80,7.89
SYDENHAM,TSK1N,5.49
SYDENHAM,MPC23,3.89
SYDENHAM,MPC32,3.39
SYDENHAM,MPC34,4.89
SYDENHAM,MPC44,7.49
SYDENHAM,MPC47,3.89
SYDENHAM,MPC48,3.89
SYDENHAM,CIG401N,3.49
UNITED,C8952,3.95
UNITED,C9244,3.95
UNITED,Y195,0.79
UNITED,Y151,0.59
UNITED,Y149,0.79
WAYNEWO,ASH025,1.95
WAYNEWO,ASH035,2.5
WAYNEWO,ASH070,2.5
WAYNEWO,C8948,3.5
WAYNEWO,C8952,3.5
WAYNEWO,C8952,3.5
WAYNEWO,C8987,3.5
WAYNEWO,C9012,2.5
WAYNEWO,C9066,1.2
WAYNEWO,C9071,2.5
WAYNEWO,C9075,2.75
WAYNEWO,C9075,3.5
WAYNEWO,C9100,2.25
WAYNEWO,C9101,2.25
WAYNEWO,C9117,3.5
WAYNEWO,C9118,2.25
WAYNEWO,C9195,3.5
WAYNEWO,C9197,3.5
WAYNEWO,C9203,3.5
WAYNEWO,C9204,3.5
WAYNEWO,C9209,3.5
WAYNEWO,C9210,3.5
WAYNEWO,C9211,3.5
WAYNEWO,C9212,3.5
WAYNEWO,C9218,3.5
WAYNEWO,C9219,3.5
WAYNEWO,CIG231,1.95
WAYNEWO,CIG351,1.95
WAYNEWO,CIG398,7.5
WAYNEWO,CIG399,8.5
WAYNEWO,CIG437,3.95
WAYNEWO,CIG438,2.95
WAYNEWO,CIG447,3.25
WAYNEWO,CIG457,3.25
WAYNEWO,CIG461,3.25
WAYNEWO,CIG482,3.95
WAYNEWO,LC04,1.8
WAYNEWO,LC06,1.8
WAYNEWO,LC16,1.8
WAYNEWO,M005,5.95
WAYNEWO,M016,1.99
WAYNEWO,MM-1,4.95
WAYNEWO,MPC14,1.95
WAYNEWO,MPC20,0.99
WAYNEWO,MPC23,2.95
WAYNEWO,MPC28,1.99
WAYNEWO,MPC29,4.95
WAYNEWO,MPC31,2.25
WAYNEWO,MPC32,2.25
WAYNEWO,MPC33,2.25
WAYNEWO,MPC34,2.95
WAYNEWO,MPC35,3.5
WAYNEWO,MPC44,4.95
WAYNEWO,TSP001,3.95
WAYNEWO,TSP001B,3.95
WAYNEWO,WD-80,6
WAYNEWO,Y03C,0.25
WAYNEWO,Y121,0.79
WAYNEWO,Y139,0.25
WAYNEWO,Y142,0.39
WAYNEWO,Y148,0.49
WAYNEWO,Y149,0.29
WAYNEWO,Y151,0.25
WAYNEWO,Y153,0.69
WAYNEWO,Y157C,0.39
WAYNEWO,Y162C,0.39
WAYNEWO,Y171,0.49
WAYNEWO,Y172,0.39
WAYNEWO,Y176,0.39
WAYNEWO,Y190,0.39
WAYNEWO,Y194,0.49
WAYNEWO,ZY10,0.9
WAYNEWO,ZY9,2.95
